case_id,dataset_type,scenario_id,group_id,label,metric_score,metric_trigger,log_score,log_trigger,and_trigger,score_fusion,soft_fusion_trigger,split
mali_6_1.csv,mali,scenario_6,mali_scenario_6,1,0.027222708,1,0.6925076069530772,1,1,0.018851932371862393,1,test
mali_6_10.csv,mali,scenario_6,mali_scenario_6,1,0.03286458,1,0.0718992037425727,0,0,0.0023629371333340797,0,test
mali_6_11.csv,mali,scenario_6,mali_scenario_6,1,0.025625257,1,0.7325871412953116,1,1,0.01877273377058767,1,test
mali_6_12.csv,mali,scenario_6,mali_scenario_6,1,0.025625257,1,0.3922602798150694,1,1,0.010051770481153065,1,test
mali_6_13.csv,mali,scenario_6,mali_scenario_6,1,0.025625257,1,0.3328181240605826,1,1,0.008528549963310312,1,test
mali_6_14.csv,mali,scenario_6,mali_scenario_6,1,0.025625257,1,0.3819483604597763,1,1,0.009787524897510405,1,test
mali_6_15.csv,mali,scenario_6,mali_scenario_6,1,0.028533258,1,0.3021027966337922,1,1,0.008619977038873523,1,test
mali_6_16.csv,mali,scenario_6,mali_scenario_6,1,0.025625257,1,0.0671019980675791,0,0,0.0017195059456952177,0,test
mali_6_17.csv,mali,scenario_6,mali_scenario_6,1,0.025625257,1,0.5258310979908309,1,1,0.013474557024607226,1,test
mali_6_18.csv,mali,scenario_6,mali_scenario_6,1,0.03286458,1,0.5468903814833318,1,1,0.017973322693489474,1,test
mali_6_19.csv,mali,scenario_6,mali_scenario_6,1,0.025625257,1,0.5580094255728764,1,1,0.014299134938727328,1,test
mali_6_2.csv,mali,scenario_6,mali_scenario_6,1,0.025625257,1,0.9175691809530244,1,1,0.023512946077200756,1,test
mali_6_20.csv,mali,scenario_6,mali_scenario_6,1,0.025625257,1,0.6974704436641164,1,1,0.017872859368797,1,test
mali_6_21.csv,mali,scenario_6,mali_scenario_6,1,0.025625257,1,0.8405860345289593,1,1,0.021540233165415455,1,test
mali_6_22.csv,mali,scenario_6,mali_scenario_6,1,0.025625257,1,0.4425583803466381,1,1,0.011340672233886349,1,test
mali_6_23.csv,mali,scenario_6,mali_scenario_6,1,0.028533258,1,0.327405752359608,1,1,0.009341952802760803,1,test
mali_6_24.csv,mali,scenario_6,mali_scenario_6,1,0.028533258,1,0.0552973793857099,0,0,0.001577814392736342,0,test
mali_6_3.csv,mali,scenario_6,mali_scenario_6,1,0.025625257,1,0.7121621074280642,1,1,0.018249337028505754,1,test
mali_6_4.csv,mali,scenario_6,mali_scenario_6,1,0.025625257,1,0.6528621902199176,1,1,0.016729761409968274,1,test
mali_6_5.csv,mali,scenario_6,mali_scenario_6,1,0.027222708,1,0.6925076069530772,1,1,0.018851932371862393,1,test
mali_6_6.csv,mali,scenario_6,mali_scenario_6,1,0.025625257,1,0.9175691809530244,1,1,0.023512946077200756,1,test
mali_6_7.csv,mali,scenario_6,mali_scenario_6,1,0.025625257,1,0.7121621074280642,1,1,0.018249337028505754,1,test
mali_6_8.csv,mali,scenario_6,mali_scenario_6,1,0.025625257,1,0.6528621902199176,1,1,0.016729761409968274,1,test
mali_6_9.csv,mali,scenario_6,mali_scenario_6,1,0.025625257,1,0.3862252276743541,1,1,0.009897120719038834,1,test
mali_7_1.csv,mali,scenario_7,mali_scenario_7,1,0.04170083,1,0.5213931114800403,1,1,0.02174252550500021,1,test
mali_7_10.csv,mali,scenario_7,mali_scenario_7,1,0.052428816,1,0.5349473965084434,1,1,0.02804665862122022,1,test
mali_7_11.csv,mali,scenario_7,mali_scenario_7,1,0.033669133,1,0.6149528932678259,1,1,0.020704930752169233,1,test
mali_7_12.csv,mali,scenario_7,mali_scenario_7,1,0.033669133,1,0.5130623346205073,1,1,0.017274363981628363,1,test
mali_7_13.csv,mali,scenario_7,mali_scenario_7,1,0.05789097,1,0.446534329752381,1,1,0.025850305487665197,1,test
mali_7_14.csv,mali,scenario_7,mali_scenario_7,1,0.033771664,1,0.4045887088791723,1,1,0.013663633934461223,1,test
mali_7_15.csv,mali,scenario_7,mali_scenario_7,1,0.027865488,1,0.6785356028975713,1,1,0.01890772570011504,1,test
mali_7_16.csv,mali,scenario_7,mali_scenario_7,1,0.29637045,1,0.595050964377806,1,1,0.17635552208558436,1,test
mali_7_17.csv,mali,scenario_7,mali_scenario_7,1,0.027865488,1,0.5404972012295285,1,1,0.015061218274895012,1,test
mali_7_18.csv,mali,scenario_7,mali_scenario_7,1,0.025625257,1,0.4547380735099429,1,1,0.011652780001377178,1,test
mali_7_19.csv,mali,scenario_7,mali_scenario_7,1,0.033669133,1,0.5149565481682596,1,1,0.01733814050949804,1,test
mali_7_2.csv,mali,scenario_7,mali_scenario_7,1,0.033669133,1,0.5838989149671469,1,1,0.019659370226584556,1,test
mali_7_20.csv,mali,scenario_7,mali_scenario_7,1,0.052428816,1,0.5041856669524051,1,1,0.02643385756248493,1,test
mali_7_21.csv,mali,scenario_7,mali_scenario_7,1,0.025625257,1,0.5483661687851814,1,1,0.014052024005225651,1,test
mali_7_22.csv,mali,scenario_7,mali_scenario_7,1,0.025625257,1,0.5307295035643784,1,1,0.013600079926319612,1,test
mali_7_23.csv,mali,scenario_7,mali_scenario_7,1,0.052428816,1,0.6600007743207842,1,1,0.03460305915672192,1,test
mali_7_24.csv,mali,scenario_7,mali_scenario_7,1,0.05789097,1,0.5415222397451634,1,1,0.03134924773542006,1,test
mali_7_3.csv,mali,scenario_7,mali_scenario_7,1,0.033669133,1,0.5803269657900707,1,1,0.01953910579467234,1,test
mali_7_4.csv,mali,scenario_7,mali_scenario_7,1,0.033669133,1,0.5752803977108082,1,1,0.019369192222818094,1,test
mali_7_5.csv,mali,scenario_7,mali_scenario_7,1,0.04170083,1,0.5213931114800403,1,1,0.02174252550500021,1,test
mali_7_6.csv,mali,scenario_7,mali_scenario_7,1,0.033669133,1,0.5838989149671469,1,1,0.019659370226584556,1,test
mali_7_7.csv,mali,scenario_7,mali_scenario_7,1,0.033669133,1,0.5803269657900707,1,1,0.01953910579467234,1,test
mali_7_8.csv,mali,scenario_7,mali_scenario_7,1,0.033669133,1,0.5752803977108082,1,1,0.019369192222818094,1,test
mali_7_9.csv,mali,scenario_7,mali_scenario_7,1,0.025625257,1,0.5387425466488815,1,1,0.013805416214712077,1,test
anom_13_1.csv,anom,scenario_13,anom_scenario_13,0,0.03286458,1,0.1334447209209527,0,0,0.004385604706284323,0,test
anom_13_10.csv,anom,scenario_13,anom_scenario_13,0,0.025625257,1,0.0399679476289999,0,0,0.001024188929755663,0,test
anom_13_11.csv,anom,scenario_13,anom_scenario_13,0,0.025625257,1,0.0399679476289999,0,0,0.001024188929755663,0,test
anom_13_12.csv,anom,scenario_13,anom_scenario_13,0,0.025625257,1,0.0735214877439926,0,0,0.0018840070184621604,0,test
anom_13_13.csv,anom,scenario_13,anom_scenario_13,0,0.025625257,1,0.0909019004254603,0,0,0.0023293845601908294,0,test
anom_13_14.csv,anom,scenario_13,anom_scenario_13,0,0.025625257,1,0.102076037452563,0,0,0.002615724693263552,0,test
anom_13_15.csv,anom,scenario_13,anom_scenario_13,0,0.025625257,1,0.0591885139017731,0,0,0.0015167208801810084,0,test
anom_13_16.csv,anom,scenario_13,anom_scenario_13,0,0.025625257,1,0.0878215685456094,0,0,0.0022504502641243567,0,test
anom_13_17.csv,anom,scenario_13,anom_scenario_13,0,0.025625257,1,0.0360751613084686,0,0,0.000924435279845964,0,test
anom_13_18.csv,anom,scenario_13,anom_scenario_13,0,0.025625257,1,0.067319727874511,0,0,0.001725085327954408,0,test
anom_13_19.csv,anom,scenario_13,anom_scenario_13,0,0.027222708,1,0.1287144700976566,0,0,0.0035039564348432373,0,test
anom_13_2.csv,anom,scenario_13,anom_scenario_13,0,0.03286458,1,0.1303165367385982,0,0,0.004282798246968599,0,test
anom_13_20.csv,anom,scenario_13,anom_scenario_13,0,0.025625257,1,0.0638629821227244,0,0,0.0016365053296812182,0,test
anom_13_21.csv,anom,scenario_13,anom_scenario_13,0,0.025625257,1,0.0902032998355812,0,0,0.002311482740534826,0,test
anom_13_22.csv,anom,scenario_13,anom_scenario_13,0,0.025625257,1,0.0635871754624937,0,0,0.001629437713130495,0,test
anom_13_23.csv,anom,scenario_13,anom_scenario_13,0,0.025625257,1,0.128341295188934,0,0,0.0032887786729292974,0,test
anom_13_24.csv,anom,scenario_13,anom_scenario_13,0,0.025625257,1,0.0512133195159044,0,0,0.0013123544744181657,0,test
anom_13_25.csv,anom,scenario_13,anom_scenario_13,0,0.025625257,1,0.0365850514324936,0,0,0.0009375013453158665,0,test
anom_13_26.csv,anom,scenario_13,anom_scenario_13,0,0.025625257,1,0.1108708343254119,0,0,0.0028410936233931013,0,test
anom_13_27.csv,anom,scenario_13,anom_scenario_13,0,0.025625257,1,0.0923692095556315,0,0,0.002366984733749913,0,test
anom_13_28.csv,anom,scenario_13,anom_scenario_13,0,0.025625257,1,0.0565080423886738,0,0,0.00144803310877666,0,test
anom_13_3.csv,anom,scenario_13,anom_scenario_13,0,0.03286458,1,0.1336205097944263,0,0,0.004391381933779706,0,test
anom_13_4.csv,anom,scenario_13,anom_scenario_13,0,0.03286458,1,0.1336726824850776,0,0,0.004393096567345431,0,test
anom_13_5.csv,anom,scenario_13,anom_scenario_13,0,0.027222708,1,0.1776256772412753,1,1,0.004835451944841483,1,test
anom_13_6.csv,anom,scenario_13,anom_scenario_13,0,0.025625257,1,0.125751086894312,0,0,0.0032224039196960767,0,test
anom_13_7.csv,anom,scenario_13,anom_scenario_13,0,0.025625257,1,0.1019529998182317,0,0,0.00261257182226314,0,test
anom_13_8.csv,anom,scenario_13,anom_scenario_13,0,0.027141575,1,0.1222647735563473,0,0,0.003318458521337617,0,test
anom_13_9.csv,anom,scenario_13,anom_scenario_13,0,0.025625257,1,0.1448777124882539,0,0,0.0037125286160836156,0,test
anom_17_1.csv,anom,scenario_17,anom_scenario_17,0,0.030946596,1,0.638601491324629,1,1,0.019762542357020796,1,test
anom_17_10.csv,anom,scenario_17,anom_scenario_17,0,0.025625257,1,0.0393923971314232,0,0,0.0010094403003387822,0,test
anom_17_11.csv,anom,scenario_17,anom_scenario_17,0,0.030946596,1,0.2585914164164301,1,1,0.00800252409290703,1,test
anom_17_12.csv,anom,scenario_17,anom_scenario_17,0,0.030946596,1,0.0667510485485113,0,0,0.0020657177320071657,0,test
anom_17_13.csv,anom,scenario_17,anom_scenario_17,0,0.025625257,1,0.0855324341870042,0,0,0.0021917906078775685,0,test
anom_17_14.csv,anom,scenario_17,anom_scenario_17,0,0.030946596,1,0.0942679286437553,0,0,0.002917271503495123,0,test
anom_17_15.csv,anom,scenario_17,anom_scenario_17,0,0.030276397,1,0.0642713972318377,0,0,0.001945906338335819,0,test
anom_17_16.csv,anom,scenario_17,anom_scenario_17,0,0.030946596,1,0.2693409211276968,1,1,0.008335184672406697,1,test
anom_17_17.csv,anom,scenario_17,anom_scenario_17,0,0.030946596,1,0.1592588766587861,0,0,0.0049285201153732834,1,test
anom_17_18.csv,anom,scenario_17,anom_scenario_17,0,0.025625257,1,0.0285836455329147,0,0,0.0007324632627778411,0,test
anom_17_2.csv,anom,scenario_17,anom_scenario_17,0,0.030946596,1,0.5583152535387051,1,1,0.017277956591899877,1,test
anom_17_3.csv,anom,scenario_17,anom_scenario_17,0,0.030946596,1,0.5799199424703139,1,1,0.017946548171972044,1,test
anom_17_4.csv,anom,scenario_17,anom_scenario_17,0,0.025625257,1,0.6055189763484717,1,1,0.015516579387306509,1,test
anom_17_5.csv,anom,scenario_17,anom_scenario_17,0,0.025625257,1,0.3107284720823456,1,1,0.00796249695432743,1,test
anom_17_6.csv,anom,scenario_17,anom_scenario_17,0,0.027865488,1,0.5331806722604485,1,1,0.014857339624705462,1,test
anom_17_7.csv,anom,scenario_17,anom_scenario_17,0,0.025625257,1,0.6408994163685642,1,1,0.016423212255594462,1,test
anom_17_8.csv,anom,scenario_17,anom_scenario_17,0,0.025625257,1,0.6652131017401552,1,1,0.017046256691858625,1,test
anom_17_9.csv,anom,scenario_17,anom_scenario_17,0,0.030946596,1,0.1946392387880743,1,1,0.006023421888522065,1,test
anom_5_1.csv,anom,scenario_5,anom_scenario_5,0,0.025625257,1,0.1157243746165921,0,0,0.002965466840714449,0,test
anom_5_10.csv,anom,scenario_5,anom_scenario_5,0,0.025625257,1,0.1003111531459345,0,0,0.00257049907933093,0,test
anom_5_11.csv,anom,scenario_5,anom_scenario_5,0,0.025625257,1,0.0844610632438798,0,0,0.0021643364521176734,0,test
anom_5_12.csv,anom,scenario_5,anom_scenario_5,0,0.025625257,1,0.0856417062375616,0,0,0.0021945907322560186,0,test
anom_5_13.csv,anom,scenario_5,anom_scenario_5,0,0.025625257,1,0.5625746140017681,1,1,0.014416119065471106,1,test
anom_5_14.csv,anom,scenario_5,anom_scenario_5,0,0.025625257,1,0.0711430235619738,0,0,0.0018230582625326339,0,test
anom_5_15.csv,anom,scenario_5,anom_scenario_5,0,0.036563285,1,0.183177115171137,1,1,0.0066975570674801055,1,test
anom_5_16.csv,anom,scenario_5,anom_scenario_5,0,0.030946596,1,0.1191242294389432,0,0,0.0036864894022582816,0,test
anom_5_17.csv,anom,scenario_5,anom_scenario_5,0,0.025625257,1,0.1100498276078108,0,0,0.002820055115255847,0,test
anom_5_18.csv,anom,scenario_5,anom_scenario_5,0,0.025625257,1,0.1172544176885478,0,0,0.003004674587654383,0,test
anom_5_19.csv,anom,scenario_5,anom_scenario_5,0,0.025625257,1,0.1545378276497865,0,0,0.003960071549747484,0,test
anom_5_2.csv,anom,scenario_5,anom_scenario_5,0,0.025625257,1,0.2582261083305139,1,1,0.0066171103900792595,1,test
anom_5_20.csv,anom,scenario_5,anom_scenario_5,0,0.030946596,1,0.0832292500724901,0,0,0.0025756619773763217,0,test
anom_5_21.csv,anom,scenario_5,anom_scenario_5,0,0.025625257,1,0.0783403083282466,0,0,0.0020074905343705593,0,test
anom_5_22.csv,anom,scenario_5,anom_scenario_5,0,0.025625257,1,0.0522905516283892,0,0,0.0013399588241492417,0,test
anom_5_23.csv,anom,scenario_5,anom_scenario_5,0,0.05084798,1,0.1096086851279866,0,0,0.005573380229214161,1,test
anom_5_24.csv,anom,scenario_5,anom_scenario_5,0,0.028533258,1,0.2110277335238638,1,1,0.006021308765791655,1,test
anom_5_25.csv,anom,scenario_5,anom_scenario_5,0,0.025625257,1,0.1162998214541587,0,0,0.00298021281381693,0,test
anom_5_26.csv,anom,scenario_5,anom_scenario_5,0,0.025625257,1,0.1104918025340298,0,0,0.002831380836327765,0,test
anom_5_27.csv,anom,scenario_5,anom_scenario_5,0,0.025625257,1,0.1358570494676437,0,0,0.003481371807870083,0,test
anom_5_28.csv,anom,scenario_5,anom_scenario_5,0,0.025625257,1,0.1175827815694867,0,0,0.00301308899649296,0,test
anom_5_29.csv,anom,scenario_5,anom_scenario_5,0,0.025625257,1,0.066077374978399,0,0,0.0016932497157068436,0,test
anom_5_3.csv,anom,scenario_5,anom_scenario_5,0,0.028533258,1,0.1630071373961197,0,0,0.004651124707164931,0,test
anom_5_30.csv,anom,scenario_5,anom_scenario_5,0,0.027222708,1,0.1122190887204136,0,0,0.003054907484261913,0,test
anom_5_4.csv,anom,scenario_5,anom_scenario_5,0,0.025625257,1,0.2621835884380357,1,1,0.006718521834906893,1,test
anom_5_5.csv,anom,scenario_5,anom_scenario_5,0,0.028533258,1,0.1108278287900437,0,0,0.0031622790324461448,0,test
anom_5_6.csv,anom,scenario_5,anom_scenario_5,0,0.025625257,1,0.1631274008426561,0,0,0.0041801815703350785,0,test
anom_5_7.csv,anom,scenario_5,anom_scenario_5,0,0.025625257,1,0.2090344180624026,1,1,0.005356560684694508,1,test
anom_5_8.csv,anom,scenario_5,anom_scenario_5,0,0.025625257,1,0.0598758165866986,0,0,0.0015343331881190142,0,test
anom_5_9.csv,anom,scenario_5,anom_scenario_5,0,0.025625257,1,0.0910838007447386,0,0,0.0023340458026207176,0,test
norm_15_1.csv,norm,scenario_15,norm_scenario_15,0,0.6421448,1,0.116781526276297,0,0,0.07499064983438747,1,test
norm_15_10.csv,norm,scenario_15,norm_scenario_15,0,0.025625257,1,0.1062485861690395,0,0,0.0027226473264682824,0,test
norm_15_11.csv,norm,scenario_15,norm_scenario_15,0,0.025625257,1,0.0381471382677211,0,0,0.0009775302219248879,0,test
norm_15_12.csv,norm,scenario_15,norm_scenario_15,0,0.025625257,1,0.0397435137597919,0,0,0.0010184377541777037,0,test
norm_15_13.csv,norm,scenario_15,norm_scenario_15,0,0.025625257,1,0.0873960104474391,0,0,0.0022395452284903116,0,test
norm_15_14.csv,norm,scenario_15,norm_scenario_15,0,0.061285004,1,0.0893653302677239,0,0,0.00547675462291878,1,test
norm_15_15.csv,norm,scenario_15,norm_scenario_15,0,0.025625257,1,0.0556280528429995,0,0,0.0014254831505114427,0,test
norm_15_16.csv,norm,scenario_15,norm_scenario_15,0,0.025625257,1,0.0801907467976598,0,0,0.0020549084957119596,0,test
norm_15_17.csv,norm,scenario_15,norm_scenario_15,0,0.025625257,1,0.1779340246183831,1,1,0.004559605109890393,0,test
norm_15_18.csv,norm,scenario_15,norm_scenario_15,0,0.025625257,1,0.0751188160263112,0,0,0.001924938966209943,0,test
norm_15_19.csv,norm,scenario_15,norm_scenario_15,0,0.03286458,1,0.1064231760285338,0,0,0.003497552982443831,0,test
norm_15_2.csv,norm,scenario_15,norm_scenario_15,0,0.6421448,1,0.1803078693999649,1,1,0.11578376073426658,1,test
norm_15_20.csv,norm,scenario_15,norm_scenario_15,0,0.03286458,1,0.1372227954081899,0,0,0.004509769537516089,0,test
norm_15_21.csv,norm,scenario_15,norm_scenario_15,0,0.025625257,1,0.121300415667771,0,0,0.003108354325693458,0,test
norm_15_22.csv,norm,scenario_15,norm_scenario_15,0,0.028533258,1,0.0280036660058886,0,0,0.0007990358270918489,0,test
norm_15_23.csv,norm,scenario_15,norm_scenario_15,0,0.04108994,1,0.0745690869243353,0,0,0.0030640393075757216,0,test
norm_15_24.csv,norm,scenario_15,norm_scenario_15,0,0.025625257,1,0.0609779670535821,0,0,0.001562576077085574,0,test
norm_15_25.csv,norm,scenario_15,norm_scenario_15,0,0.025625257,1,0.1002968783174495,0,0,0.002570133283182371,0,test
norm_15_26.csv,norm,scenario_15,norm_scenario_15,0,0.025625257,1,0.0846749661082204,0,0,0.0021698177679894373,0,test
norm_15_27.csv,norm,scenario_15,norm_scenario_15,0,0.025625257,1,0.0704140599682424,0,0,0.0018043783830996234,0,test
norm_15_28.csv,norm,scenario_15,norm_scenario_15,0,0.025625257,1,0.0926404424001322,0,0,0.0023739351450970843,0,test
norm_15_29.csv,norm,scenario_15,norm_scenario_15,0,0.025625257,1,0.0716693578586617,0,0,0.0018365457141531756,0,test
norm_15_3.csv,norm,scenario_15,norm_scenario_15,0,0.04108994,1,0.0449879611708122,0,0,0.0018485526252310029,0,test
norm_15_30.csv,norm,scenario_15,norm_scenario_15,0,0.025625257,1,0.1440380774181726,0,0,0.003691012751626569,0,test
norm_15_4.csv,norm,scenario_15,norm_scenario_15,0,0.028533258,1,0.0716258609948813,0,0,0.002043719171239085,0,test
norm_15_5.csv,norm,scenario_15,norm_scenario_15,0,0.04108994,1,0.062763132615259,0,0,0.002578933353373035,0,test
norm_15_6.csv,norm,scenario_15,norm_scenario_15,0,0.04108994,1,0.0704550798047121,0,0,0.002894995001870832,0,test
norm_15_7.csv,norm,scenario_15,norm_scenario_15,0,0.6421448,1,0.0438971106634411,0,0,0.02818830134755325,1,test
norm_15_8.csv,norm,scenario_15,norm_scenario_15,0,0.037196252,1,0.0926968932360838,0,0,0.0034479770004264684,0,test
norm_15_9.csv,norm,scenario_15,norm_scenario_15,0,0.028533258,1,0.0574370033690601,0,0,0.001638864835876261,0,test
norm_4_1.csv,norm,scenario_4,norm_scenario_4,0,0.025625257,1,0.1208612680400612,0,0,0.0030971010548724543,0,test
norm_4_10.csv,norm,scenario_4,norm_scenario_4,0,0.025625257,1,0.0330343273560311,0,0,0.0008465131283204274,0,test
norm_4_11.csv,norm,scenario_4,norm_scenario_4,0,0.025625257,1,0.0176685930899014,0,0,0.0004527622387571474,0,test
norm_4_12.csv,norm,scenario_4,norm_scenario_4,0,0.025625257,1,0.0249773645918831,0,0,0.0006400513868497045,0,test
norm_4_13.csv,norm,scenario_4,norm_scenario_4,0,0.025625257,1,0.0254832228955516,0,0,0.0006530141358867939,0,test
norm_4_14.csv,norm,scenario_4,norm_scenario_4,0,0.025625257,1,0.0189231838898631,0,0,0.0004849114504360016,0,test
norm_4_15.csv,norm,scenario_4,norm_scenario_4,0,0.025625257,1,0.1623179443762599,0,0,0.004159439040353365,0,test
norm_4_16.csv,norm,scenario_4,norm_scenario_4,0,0.025625257,1,0.0285181821550388,0,0,0.0007307857468956831,0,test
norm_4_17.csv,norm,scenario_4,norm_scenario_4,0,0.025625257,1,0.0288384619571123,0,0,0.0007389929991357256,0,test
norm_4_18.csv,norm,scenario_4,norm_scenario_4,0,0.026257396,1,0.0481702829329685,0,0,0.0012648261944029954,0,test
norm_4_19.csv,norm,scenario_4,norm_scenario_4,0,0.025625257,1,0.0295947561205616,0,0,0.0007583732314417139,0,test
norm_4_2.csv,norm,scenario_4,norm_scenario_4,0,0.025625257,1,0.0531575288062891,0,0,0.0013621753371460613,0,test
norm_4_20.csv,norm,scenario_4,norm_scenario_4,0,0.06330802,1,0.0260461058620539,0,0,0.0016489273908370258,0,test
norm_4_21.csv,norm,scenario_4,norm_scenario_4,0,0.025625257,1,0.0519445393051734,0,0,0.0013310921694416698,0,test
norm_4_22.csv,norm,scenario_4,norm_scenario_4,0,0.025625257,1,0.0501338141493026,0,0,0.0012846918719661153,0,test
norm_4_23.csv,norm,scenario_4,norm_scenario_4,0,0.025625257,1,0.0251684211162098,0,0,0.0006449472593871029,0,test
norm_4_24.csv,norm,scenario_4,norm_scenario_4,0,0.025625257,1,0.0305149846991904,0,0,0.0007819543252678216,0,test
norm_4_25.csv,norm,scenario_4,norm_scenario_4,0,0.026257396,1,0.1297151464166861,0,0,0.0034059819666609078,0,test
norm_4_26.csv,norm,scenario_4,norm_scenario_4,0,0.025625257,1,0.0334902899029079,0,0,0.0008581972857665199,0,test
norm_4_27.csv,norm,scenario_4,norm_scenario_4,0,0.025625257,1,0.1035200585244104,0,0,0.0026527281043430572,0,test
norm_4_28.csv,norm,scenario_4,norm_scenario_4,0,0.025625257,1,0.0291677631187074,0,0,0.0007474314260319986,0,test
norm_4_29.csv,norm,scenario_4,norm_scenario_4,0,0.047414985,1,0.0901295093860695,0,0,0.004273489335597845,0,test
norm_4_3.csv,norm,scenario_4,norm_scenario_4,0,0.025625257,1,0.1550480937040818,0,0,0.003973147248527178,0,test
norm_4_30.csv,norm,scenario_4,norm_scenario_4,0,0.026257396,1,0.0226642033596279,0,0,0.0005951029626382802,0,test
norm_4_31.csv,norm,scenario_4,norm_scenario_4,0,0.025625257,1,0.0496736454798357,0,0,0.001272899931547678,0,test
norm_4_32.csv,norm,scenario_4,norm_scenario_4,0,0.030946596,1,0.0192300169100697,0,0,0.0005951035643890953,0,test
norm_4_33.csv,norm,scenario_4,norm_scenario_4,0,0.025625257,1,0.0201531447094028,0,0,0.000516429512536637,0,test
norm_4_34.csv,norm,scenario_4,norm_scenario_4,0,0.025625257,1,0.0293035221202059,0,0,0.000750910285335461,0,test
norm_4_35.csv,norm,scenario_4,norm_scenario_4,0,0.025625257,1,0.0379470099819556,0,0,0.0009724018831691775,0,test
norm_4_36.csv,norm,scenario_4,norm_scenario_4,0,0.025625257,1,0.0320603492149679,0,0,0.0008215546881433006,0,test
norm_4_37.csv,norm,scenario_4,norm_scenario_4,0,0.047414985,1,0.0290967845111296,0,0,0.0013796236011434423,0,test
norm_4_38.csv,norm,scenario_4,norm_scenario_4,0,0.030946596,1,0.0459940356889142,0,0,0.0014233588408744094,0,test
norm_4_39.csv,norm,scenario_4,norm_scenario_4,0,0.025625257,1,0.0330122290286296,0,0,0.0008459468530014939,0,test
norm_4_4.csv,norm,scenario_4,norm_scenario_4,0,0.025625257,1,0.0547467826289217,0,0,0.0014029003747892542,0,test
norm_4_40.csv,norm,scenario_4,norm_scenario_4,0,0.025625257,1,0.0470302721881785,0,0,0.0012051628116020263,0,test
norm_4_41.csv,norm,scenario_4,norm_scenario_4,0,0.025625257,1,0.0261909284734537,0,0,0.0006711492732008686,0,test
norm_4_42.csv,norm,scenario_4,norm_scenario_4,0,0.025625257,1,0.1466309511562255,0,0,0.003757455807532725,0,test
norm_4_43.csv,norm,scenario_4,norm_scenario_4,0,0.025625257,1,0.0809578699607155,0,0,0.0020745662239159144,0,test
norm_4_44.csv,norm,scenario_4,norm_scenario_4,0,0.025625257,1,0.0395081844903032,0,0,0.0010124073811674334,0,test
norm_4_45.csv,norm,scenario_4,norm_scenario_4,0,0.030946596,1,0.0173729597001011,0,0,0.0005376339651633099,0,test
norm_4_5.csv,norm,scenario_4,norm_scenario_4,0,0.026257396,1,0.0679657637659757,0,0,0.0017846039736456752,0,test
norm_4_6.csv,norm,scenario_4,norm_scenario_4,0,0.025625257,1,0.1735746753249155,1,1,0.004447895663892518,0,test
norm_4_7.csv,norm,scenario_4,norm_scenario_4,0,0.025625257,1,0.0263433267458766,0,0,0.0006750545180980615,0,test
norm_4_8.csv,norm,scenario_4,norm_scenario_4,0,0.025625257,1,0.0553664008473517,0,0,0.001418778250878405,0,test
norm_4_9.csv,norm,scenario_4,norm_scenario_4,0,0.06330802,1,0.033220378536913,0,0,0.0021031163888224594,0,test
norm_6_1.csv,norm,scenario_6,norm_scenario_6,0,0.028533258,1,0.0242435180282083,0,0,0.0006917465547265187,0,test
norm_6_10.csv,norm,scenario_6,norm_scenario_6,0,0.0651143,1,0.0121589122531893,0,0,0.0007917190601278441,0,test
norm_6_11.csv,norm,scenario_6,norm_scenario_6,0,0.03887765,1,0.0748216715605031,0,0,0.002908890759344193,0,test
norm_6_12.csv,norm,scenario_6,norm_scenario_6,0,0.061610907,1,0.0711045555487784,0,0,0.00438081615919212,0,test
norm_6_13.csv,norm,scenario_6,norm_scenario_6,0,0.06112308,1,0.0428082112801514,0,0,0.0026165697227335965,0,test
norm_6_14.csv,norm,scenario_6,norm_scenario_6,0,0.03887765,1,0.0633268588419236,0,0,0.002461999453655711,0,test
norm_6_15.csv,norm,scenario_6,norm_scenario_6,0,0.03887765,1,0.0565851541446071,0,0,0.0021998978180300843,0,test
norm_6_16.csv,norm,scenario_6,norm_scenario_6,0,0.03887765,1,0.029323917300171,0,0,0.001140044993424993,0,test
norm_6_17.csv,norm,scenario_6,norm_scenario_6,0,0.025625257,1,0.1377442692287073,0,0,0.003529732299262816,0,test
norm_6_18.csv,norm,scenario_6,norm_scenario_6,0,0.030946596,1,0.0459785930738128,0,0,0.001422880944503683,0,test
norm_6_19.csv,norm,scenario_6,norm_scenario_6,0,0.03887765,1,0.0169831183403974,0,0,0.000660263730746551,0,test
norm_6_2.csv,norm,scenario_6,norm_scenario_6,0,0.03887765,1,0.1727752651393656,1,1,0.006717096286745458,1,test
norm_6_20.csv,norm,scenario_6,norm_scenario_6,0,0.025625257,1,0.0938505617282575,0,0,0.0024049447638809624,0,test
norm_6_21.csv,norm,scenario_6,norm_scenario_6,0,0.06112308,1,0.1202982838809046,0,0,0.007353001629515243,1,test
norm_6_22.csv,norm,scenario_6,norm_scenario_6,0,0.03887765,1,0.0891936078255059,0,0,0.003467637867277279,0,test
norm_6_23.csv,norm,scenario_6,norm_scenario_6,0,0.03887765,1,0.0417831634769547,0,0,0.001624431205549828,0,test
norm_6_24.csv,norm,scenario_6,norm_scenario_6,0,0.03887765,1,0.0650803201377536,0,0,0.0025301699082035363,0,test
norm_6_3.csv,norm,scenario_6,norm_scenario_6,0,0.03887765,1,0.0318504770699048,0,0,0.0012382716998567843,0,test
norm_6_4.csv,norm,scenario_6,norm_scenario_6,0,0.025625257,1,0.0689805745187047,0,0,0.0017676449500494589,0,test
norm_6_5.csv,norm,scenario_6,norm_scenario_6,0,0.025625257,1,0.1120598043613144,0,0,0.002871561286128402,0,test
norm_6_6.csv,norm,scenario_6,norm_scenario_6,0,0.061610907,1,0.0733079002989322,0,0,0.004516566227682784,0,test
norm_6_7.csv,norm,scenario_6,norm_scenario_6,0,0.03887765,1,0.0818446594654646,0,0,0.0031819280250675198,0,test
norm_6_8.csv,norm,scenario_6,norm_scenario_6,0,0.030276397,1,0.071589399985664,0,0,0.002167469094957758,0,test
norm_6_9.csv,norm,scenario_6,norm_scenario_6,0,0.025625257,1,0.1223325435744398,0,0,0.0031348028685587183,0,test
norm_8_1.csv,norm,scenario_8,norm_scenario_8,0,0.025625257,1,0.5292143039188334,1,1,0.013561252545996213,1,test
norm_8_10.csv,norm,scenario_8,norm_scenario_8,0,0.025625257,1,0.4705781417654857,1,1,0.012058685821323004,1,test
norm_8_11.csv,norm,scenario_8,norm_scenario_8,0,0.025625257,1,0.267196574537858,1,1,0.006846980892052267,1,test
norm_8_12.csv,norm,scenario_8,norm_scenario_8,0,0.029510353,1,0.5213707131791515,1,1,0.015385833789778513,1,test
norm_8_13.csv,norm,scenario_8,norm_scenario_8,0,0.029510353,1,0.5810786525301951,1,1,0.0171478361569304,1,test
norm_8_14.csv,norm,scenario_8,norm_scenario_8,0,0.027865488,1,0.5424257434816168,1,1,0.01511495804587807,1,test
norm_8_15.csv,norm,scenario_8,norm_scenario_8,0,0.110533066,1,0.4628288292407992,1,1,0.051157889529175986,1,test
norm_8_16.csv,norm,scenario_8,norm_scenario_8,0,0.027141575,1,0.4129661213843006,1,1,0.0112085509560111,1,test
norm_8_17.csv,norm,scenario_8,norm_scenario_8,0,0.027865488,1,0.628926419672718,1,1,0.017525341600273088,1,test
norm_8_18.csv,norm,scenario_8,norm_scenario_8,0,0.029510353,1,0.5366877773664407,1,1,0.015837845760869076,1,test
norm_8_19.csv,norm,scenario_8,norm_scenario_8,0,0.025625257,1,0.4981271341287349,1,1,0.012764635830722302,1,test
norm_8_2.csv,norm,scenario_8,norm_scenario_8,0,0.025625257,1,0.6216892498419965,1,1,0.01593094680133837,1,test
norm_8_20.csv,norm,scenario_8,norm_scenario_8,0,0.029510353,1,0.5112490057839818,1,1,0.015087138631584344,1,test
norm_8_21.csv,norm,scenario_8,norm_scenario_8,0,0.027865488,1,0.5562431239904899,1,1,0.01549998609663951,1,test
norm_8_22.csv,norm,scenario_8,norm_scenario_8,0,0.025625257,1,0.4891094396699894,1,1,0.012533555092669473,1,test
norm_8_23.csv,norm,scenario_8,norm_scenario_8,0,0.027865488,1,0.3304829097800821,1,1,0.00920906755668196,1,test
norm_8_24.csv,norm,scenario_8,norm_scenario_8,0,0.025625257,1,0.6540410978964788,1,1,0.016759971222159428,1,test
norm_8_25.csv,norm,scenario_8,norm_scenario_8,0,0.027865488,1,0.5586693748439816,1,1,0.015567594760682472,1,test
norm_8_26.csv,norm,scenario_8,norm_scenario_8,0,0.052428816,1,0.494702095619489,1,1,0.025936645146048598,1,test
norm_8_27.csv,norm,scenario_8,norm_scenario_8,0,0.19939916,1,0.4454680559699159,1,1,0.08882595616723421,1,test
norm_8_28.csv,norm,scenario_8,norm_scenario_8,0,0.027141575,1,0.611841844923516,1,1,0.01660635132212998,1,test
norm_8_29.csv,norm,scenario_8,norm_scenario_8,0,0.025625257,1,0.4916175238742557,1,1,0.012597825394981438,1,test
norm_8_3.csv,norm,scenario_8,norm_scenario_8,0,0.027141575,1,0.5761971475004207,1,1,0.01563889809366873,1,test
norm_8_30.csv,norm,scenario_8,norm_scenario_8,0,0.027865488,1,0.6364297353596163,1,1,0.017734425153506567,1,test
norm_8_4.csv,norm,scenario_8,norm_scenario_8,0,0.12960432,1,0.5929187123886932,1,1,0.07684482653441216,1,test
norm_8_5.csv,norm,scenario_8,norm_scenario_8,0,0.027810052,1,0.5968945799770987,1,1,0.016599669307681274,1,test
norm_8_6.csv,norm,scenario_8,norm_scenario_8,0,0.027865488,1,0.6169519258723731,1,1,0.017191666486973504,1,test
norm_8_7.csv,norm,scenario_8,norm_scenario_8,0,0.027865488,1,0.5053346121578108,1,1,0.014081395571068132,1,test
norm_8_8.csv,norm,scenario_8,norm_scenario_8,0,0.027141575,1,0.4466089752018162,1,1,0.012121670996113235,1,test
norm_8_9.csv,norm,scenario_8,norm_scenario_8,0,0.027141575,1,0.4890871277750239,1,1,0.013274594960040395,1,test
