case_id,dataset_type,scenario_id,group_id,label,split
mali_1_1.csv,mali,scenario_1,mali_scenario_1,1,train
mali_1_10.csv,mali,scenario_1,mali_scenario_1,1,train
mali_1_11.csv,mali,scenario_1,mali_scenario_1,1,train
mali_1_12.csv,mali,scenario_1,mali_scenario_1,1,train
mali_1_13.csv,mali,scenario_1,mali_scenario_1,1,train
mali_1_14.csv,mali,scenario_1,mali_scenario_1,1,train
mali_1_15.csv,mali,scenario_1,mali_scenario_1,1,train
mali_1_16.csv,mali,scenario_1,mali_scenario_1,1,train
mali_1_17.csv,mali,scenario_1,mali_scenario_1,1,train
mali_1_18.csv,mali,scenario_1,mali_scenario_1,1,train
mali_1_19.csv,mali,scenario_1,mali_scenario_1,1,train
mali_1_2.csv,mali,scenario_1,mali_scenario_1,1,train
mali_1_20.csv,mali,scenario_1,mali_scenario_1,1,train
mali_1_21.csv,mali,scenario_1,mali_scenario_1,1,train
mali_1_22.csv,mali,scenario_1,mali_scenario_1,1,train
mali_1_23.csv,mali,scenario_1,mali_scenario_1,1,train
mali_1_24.csv,mali,scenario_1,mali_scenario_1,1,train
mali_1_3.csv,mali,scenario_1,mali_scenario_1,1,train
mali_1_4.csv,mali,scenario_1,mali_scenario_1,1,train
mali_1_5.csv,mali,scenario_1,mali_scenario_1,1,train
mali_1_6.csv,mali,scenario_1,mali_scenario_1,1,train
mali_1_7.csv,mali,scenario_1,mali_scenario_1,1,train
mali_1_8.csv,mali,scenario_1,mali_scenario_1,1,train
mali_1_9.csv,mali,scenario_1,mali_scenario_1,1,train
mali_10_1.csv,mali,scenario_10,mali_scenario_10,1,val
mali_10_2.csv,mali,scenario_10,mali_scenario_10,1,val
mali_10_3.csv,mali,scenario_10,mali_scenario_10,1,val
mali_10_4.csv,mali,scenario_10,mali_scenario_10,1,val
mali_10_5.csv,mali,scenario_10,mali_scenario_10,1,val
mali_10_6.csv,mali,scenario_10,mali_scenario_10,1,val
mali_10_7.csv,mali,scenario_10,mali_scenario_10,1,val
mali_10_8.csv,mali,scenario_10,mali_scenario_10,1,val
mali_10_9.csv,mali,scenario_10,mali_scenario_10,1,val
mali_11_1.csv,mali,scenario_11,mali_scenario_11,1,val
mali_11_10.csv,mali,scenario_11,mali_scenario_11,1,val
mali_11_11.csv,mali,scenario_11,mali_scenario_11,1,val
mali_11_12.csv,mali,scenario_11,mali_scenario_11,1,val
mali_11_13.csv,mali,scenario_11,mali_scenario_11,1,val
mali_11_2.csv,mali,scenario_11,mali_scenario_11,1,val
mali_11_3.csv,mali,scenario_11,mali_scenario_11,1,val
mali_11_4.csv,mali,scenario_11,mali_scenario_11,1,val
mali_11_5.csv,mali,scenario_11,mali_scenario_11,1,val
mali_11_6.csv,mali,scenario_11,mali_scenario_11,1,val
mali_11_7.csv,mali,scenario_11,mali_scenario_11,1,val
mali_11_8.csv,mali,scenario_11,mali_scenario_11,1,val
mali_11_9.csv,mali,scenario_11,mali_scenario_11,1,val
mali_12_1.csv,mali,scenario_12,mali_scenario_12,1,train
mali_12_2.csv,mali,scenario_12,mali_scenario_12,1,train
mali_12_3.csv,mali,scenario_12,mali_scenario_12,1,train
mali_12_4.csv,mali,scenario_12,mali_scenario_12,1,train
mali_12_5.csv,mali,scenario_12,mali_scenario_12,1,train
mali_12_6.csv,mali,scenario_12,mali_scenario_12,1,train
mali_12_7.csv,mali,scenario_12,mali_scenario_12,1,train
mali_12_8.csv,mali,scenario_12,mali_scenario_12,1,train
mali_12_9.csv,mali,scenario_12,mali_scenario_12,1,train
mali_2_1.csv,mali,scenario_2,mali_scenario_2,1,train
mali_2_10.csv,mali,scenario_2,mali_scenario_2,1,train
mali_2_11.csv,mali,scenario_2,mali_scenario_2,1,train
mali_2_12.csv,mali,scenario_2,mali_scenario_2,1,train
mali_2_13.csv,mali,scenario_2,mali_scenario_2,1,train
mali_2_14.csv,mali,scenario_2,mali_scenario_2,1,train
mali_2_15.csv,mali,scenario_2,mali_scenario_2,1,train
mali_2_16.csv,mali,scenario_2,mali_scenario_2,1,train
mali_2_17.csv,mali,scenario_2,mali_scenario_2,1,train
mali_2_18.csv,mali,scenario_2,mali_scenario_2,1,train
mali_2_19.csv,mali,scenario_2,mali_scenario_2,1,train
mali_2_2.csv,mali,scenario_2,mali_scenario_2,1,train
mali_2_20.csv,mali,scenario_2,mali_scenario_2,1,train
mali_2_21.csv,mali,scenario_2,mali_scenario_2,1,train
mali_2_22.csv,mali,scenario_2,mali_scenario_2,1,train
mali_2_23.csv,mali,scenario_2,mali_scenario_2,1,train
mali_2_24.csv,mali,scenario_2,mali_scenario_2,1,train
mali_2_3.csv,mali,scenario_2,mali_scenario_2,1,train
mali_2_4.csv,mali,scenario_2,mali_scenario_2,1,train
mali_2_5.csv,mali,scenario_2,mali_scenario_2,1,train
mali_2_6.csv,mali,scenario_2,mali_scenario_2,1,train
mali_2_7.csv,mali,scenario_2,mali_scenario_2,1,train
mali_2_8.csv,mali,scenario_2,mali_scenario_2,1,train
mali_2_9.csv,mali,scenario_2,mali_scenario_2,1,train
mali_3_1.csv,mali,scenario_3,mali_scenario_3,1,train
mali_3_10.csv,mali,scenario_3,mali_scenario_3,1,train
mali_3_11.csv,mali,scenario_3,mali_scenario_3,1,train
mali_3_12.csv,mali,scenario_3,mali_scenario_3,1,train
mali_3_13.csv,mali,scenario_3,mali_scenario_3,1,train
mali_3_14.csv,mali,scenario_3,mali_scenario_3,1,train
mali_3_15.csv,mali,scenario_3,mali_scenario_3,1,train
mali_3_16.csv,mali,scenario_3,mali_scenario_3,1,train
mali_3_17.csv,mali,scenario_3,mali_scenario_3,1,train
mali_3_18.csv,mali,scenario_3,mali_scenario_3,1,train
mali_3_19.csv,mali,scenario_3,mali_scenario_3,1,train
mali_3_2.csv,mali,scenario_3,mali_scenario_3,1,train
mali_3_20.csv,mali,scenario_3,mali_scenario_3,1,train
mali_3_21.csv,mali,scenario_3,mali_scenario_3,1,train
mali_3_22.csv,mali,scenario_3,mali_scenario_3,1,train
mali_3_23.csv,mali,scenario_3,mali_scenario_3,1,train
mali_3_24.csv,mali,scenario_3,mali_scenario_3,1,train
mali_3_3.csv,mali,scenario_3,mali_scenario_3,1,train
mali_3_4.csv,mali,scenario_3,mali_scenario_3,1,train
mali_3_5.csv,mali,scenario_3,mali_scenario_3,1,train
mali_3_6.csv,mali,scenario_3,mali_scenario_3,1,train
mali_3_7.csv,mali,scenario_3,mali_scenario_3,1,train
mali_3_8.csv,mali,scenario_3,mali_scenario_3,1,train
mali_3_9.csv,mali,scenario_3,mali_scenario_3,1,train
mali_4_1.csv,mali,scenario_4,mali_scenario_4,1,val
mali_4_10.csv,mali,scenario_4,mali_scenario_4,1,val
mali_4_11.csv,mali,scenario_4,mali_scenario_4,1,val
mali_4_12.csv,mali,scenario_4,mali_scenario_4,1,val
mali_4_13.csv,mali,scenario_4,mali_scenario_4,1,val
mali_4_14.csv,mali,scenario_4,mali_scenario_4,1,val
mali_4_15.csv,mali,scenario_4,mali_scenario_4,1,val
mali_4_16.csv,mali,scenario_4,mali_scenario_4,1,val
mali_4_17.csv,mali,scenario_4,mali_scenario_4,1,val
mali_4_18.csv,mali,scenario_4,mali_scenario_4,1,val
mali_4_19.csv,mali,scenario_4,mali_scenario_4,1,val
mali_4_2.csv,mali,scenario_4,mali_scenario_4,1,val
mali_4_20.csv,mali,scenario_4,mali_scenario_4,1,val
mali_4_21.csv,mali,scenario_4,mali_scenario_4,1,val
mali_4_22.csv,mali,scenario_4,mali_scenario_4,1,val
mali_4_23.csv,mali,scenario_4,mali_scenario_4,1,val
mali_4_24.csv,mali,scenario_4,mali_scenario_4,1,val
mali_4_3.csv,mali,scenario_4,mali_scenario_4,1,val
mali_4_4.csv,mali,scenario_4,mali_scenario_4,1,val
mali_4_5.csv,mali,scenario_4,mali_scenario_4,1,val
mali_4_6.csv,mali,scenario_4,mali_scenario_4,1,val
mali_4_7.csv,mali,scenario_4,mali_scenario_4,1,val
mali_4_8.csv,mali,scenario_4,mali_scenario_4,1,val
mali_4_9.csv,mali,scenario_4,mali_scenario_4,1,val
mali_5_1.csv,mali,scenario_5,mali_scenario_5,1,train
mali_5_10.csv,mali,scenario_5,mali_scenario_5,1,train
mali_5_11.csv,mali,scenario_5,mali_scenario_5,1,train
mali_5_12.csv,mali,scenario_5,mali_scenario_5,1,train
mali_5_13.csv,mali,scenario_5,mali_scenario_5,1,train
mali_5_14.csv,mali,scenario_5,mali_scenario_5,1,train
mali_5_15.csv,mali,scenario_5,mali_scenario_5,1,train
mali_5_16.csv,mali,scenario_5,mali_scenario_5,1,train
mali_5_17.csv,mali,scenario_5,mali_scenario_5,1,train
mali_5_18.csv,mali,scenario_5,mali_scenario_5,1,train
mali_5_19.csv,mali,scenario_5,mali_scenario_5,1,train
mali_5_2.csv,mali,scenario_5,mali_scenario_5,1,train
mali_5_20.csv,mali,scenario_5,mali_scenario_5,1,train
mali_5_21.csv,mali,scenario_5,mali_scenario_5,1,train
mali_5_22.csv,mali,scenario_5,mali_scenario_5,1,train
mali_5_23.csv,mali,scenario_5,mali_scenario_5,1,train
mali_5_24.csv,mali,scenario_5,mali_scenario_5,1,train
mali_5_3.csv,mali,scenario_5,mali_scenario_5,1,train
mali_5_4.csv,mali,scenario_5,mali_scenario_5,1,train
mali_5_5.csv,mali,scenario_5,mali_scenario_5,1,train
mali_5_6.csv,mali,scenario_5,mali_scenario_5,1,train
mali_5_7.csv,mali,scenario_5,mali_scenario_5,1,train
mali_5_8.csv,mali,scenario_5,mali_scenario_5,1,train
mali_5_9.csv,mali,scenario_5,mali_scenario_5,1,train
mali_6_1.csv,mali,scenario_6,mali_scenario_6,1,test
mali_6_10.csv,mali,scenario_6,mali_scenario_6,1,test
mali_6_11.csv,mali,scenario_6,mali_scenario_6,1,test
mali_6_12.csv,mali,scenario_6,mali_scenario_6,1,test
mali_6_13.csv,mali,scenario_6,mali_scenario_6,1,test
mali_6_14.csv,mali,scenario_6,mali_scenario_6,1,test
mali_6_15.csv,mali,scenario_6,mali_scenario_6,1,test
mali_6_16.csv,mali,scenario_6,mali_scenario_6,1,test
mali_6_17.csv,mali,scenario_6,mali_scenario_6,1,test
mali_6_18.csv,mali,scenario_6,mali_scenario_6,1,test
mali_6_19.csv,mali,scenario_6,mali_scenario_6,1,test
mali_6_2.csv,mali,scenario_6,mali_scenario_6,1,test
mali_6_20.csv,mali,scenario_6,mali_scenario_6,1,test
mali_6_21.csv,mali,scenario_6,mali_scenario_6,1,test
mali_6_22.csv,mali,scenario_6,mali_scenario_6,1,test
mali_6_23.csv,mali,scenario_6,mali_scenario_6,1,test
mali_6_24.csv,mali,scenario_6,mali_scenario_6,1,test
mali_6_3.csv,mali,scenario_6,mali_scenario_6,1,test
mali_6_4.csv,mali,scenario_6,mali_scenario_6,1,test
mali_6_5.csv,mali,scenario_6,mali_scenario_6,1,test
mali_6_6.csv,mali,scenario_6,mali_scenario_6,1,test
mali_6_7.csv,mali,scenario_6,mali_scenario_6,1,test
mali_6_8.csv,mali,scenario_6,mali_scenario_6,1,test
mali_6_9.csv,mali,scenario_6,mali_scenario_6,1,test
mali_7_1.csv,mali,scenario_7,mali_scenario_7,1,test
mali_7_10.csv,mali,scenario_7,mali_scenario_7,1,test
mali_7_11.csv,mali,scenario_7,mali_scenario_7,1,test
mali_7_12.csv,mali,scenario_7,mali_scenario_7,1,test
mali_7_13.csv,mali,scenario_7,mali_scenario_7,1,test
mali_7_14.csv,mali,scenario_7,mali_scenario_7,1,test
mali_7_15.csv,mali,scenario_7,mali_scenario_7,1,test
mali_7_16.csv,mali,scenario_7,mali_scenario_7,1,test
mali_7_17.csv,mali,scenario_7,mali_scenario_7,1,test
mali_7_18.csv,mali,scenario_7,mali_scenario_7,1,test
mali_7_19.csv,mali,scenario_7,mali_scenario_7,1,test
mali_7_2.csv,mali,scenario_7,mali_scenario_7,1,test
mali_7_20.csv,mali,scenario_7,mali_scenario_7,1,test
mali_7_21.csv,mali,scenario_7,mali_scenario_7,1,test
mali_7_22.csv,mali,scenario_7,mali_scenario_7,1,test
mali_7_23.csv,mali,scenario_7,mali_scenario_7,1,test
mali_7_24.csv,mali,scenario_7,mali_scenario_7,1,test
mali_7_3.csv,mali,scenario_7,mali_scenario_7,1,test
mali_7_4.csv,mali,scenario_7,mali_scenario_7,1,test
mali_7_5.csv,mali,scenario_7,mali_scenario_7,1,test
mali_7_6.csv,mali,scenario_7,mali_scenario_7,1,test
mali_7_7.csv,mali,scenario_7,mali_scenario_7,1,test
mali_7_8.csv,mali,scenario_7,mali_scenario_7,1,test
mali_7_9.csv,mali,scenario_7,mali_scenario_7,1,test
mali_8_1.csv,mali,scenario_8,mali_scenario_8,1,val
mali_8_2.csv,mali,scenario_8,mali_scenario_8,1,val
mali_8_3.csv,mali,scenario_8,mali_scenario_8,1,val
mali_8_4.csv,mali,scenario_8,mali_scenario_8,1,val
mali_8_5.csv,mali,scenario_8,mali_scenario_8,1,val
mali_8_6.csv,mali,scenario_8,mali_scenario_8,1,val
mali_8_7.csv,mali,scenario_8,mali_scenario_8,1,val
mali_9_1.csv,mali,scenario_9,mali_scenario_9,1,train
mali_9_10.csv,mali,scenario_9,mali_scenario_9,1,train
mali_9_11.csv,mali,scenario_9,mali_scenario_9,1,train
mali_9_12.csv,mali,scenario_9,mali_scenario_9,1,train
mali_9_13.csv,mali,scenario_9,mali_scenario_9,1,train
mali_9_14.csv,mali,scenario_9,mali_scenario_9,1,train
mali_9_15.csv,mali,scenario_9,mali_scenario_9,1,train
mali_9_16.csv,mali,scenario_9,mali_scenario_9,1,train
mali_9_17.csv,mali,scenario_9,mali_scenario_9,1,train
mali_9_2.csv,mali,scenario_9,mali_scenario_9,1,train
mali_9_3.csv,mali,scenario_9,mali_scenario_9,1,train
mali_9_4.csv,mali,scenario_9,mali_scenario_9,1,train
mali_9_5.csv,mali,scenario_9,mali_scenario_9,1,train
mali_9_6.csv,mali,scenario_9,mali_scenario_9,1,train
mali_9_7.csv,mali,scenario_9,mali_scenario_9,1,train
mali_9_8.csv,mali,scenario_9,mali_scenario_9,1,train
mali_9_9.csv,mali,scenario_9,mali_scenario_9,1,train
anom_1_1.csv,anom,scenario_1,anom_scenario_1,0,train
anom_1_10.csv,anom,scenario_1,anom_scenario_1,0,train
anom_1_11.csv,anom,scenario_1,anom_scenario_1,0,train
anom_1_12.csv,anom,scenario_1,anom_scenario_1,0,train
anom_1_13.csv,anom,scenario_1,anom_scenario_1,0,train
anom_1_14.csv,anom,scenario_1,anom_scenario_1,0,train
anom_1_15.csv,anom,scenario_1,anom_scenario_1,0,train
anom_1_16.csv,anom,scenario_1,anom_scenario_1,0,train
anom_1_17.csv,anom,scenario_1,anom_scenario_1,0,train
anom_1_18.csv,anom,scenario_1,anom_scenario_1,0,train
anom_1_19.csv,anom,scenario_1,anom_scenario_1,0,train
anom_1_2.csv,anom,scenario_1,anom_scenario_1,0,train
anom_1_20.csv,anom,scenario_1,anom_scenario_1,0,train
anom_1_21.csv,anom,scenario_1,anom_scenario_1,0,train
anom_1_22.csv,anom,scenario_1,anom_scenario_1,0,train
anom_1_23.csv,anom,scenario_1,anom_scenario_1,0,train
anom_1_24.csv,anom,scenario_1,anom_scenario_1,0,train
anom_1_25.csv,anom,scenario_1,anom_scenario_1,0,train
anom_1_26.csv,anom,scenario_1,anom_scenario_1,0,train
anom_1_27.csv,anom,scenario_1,anom_scenario_1,0,train
anom_1_28.csv,anom,scenario_1,anom_scenario_1,0,train
anom_1_29.csv,anom,scenario_1,anom_scenario_1,0,train
anom_1_3.csv,anom,scenario_1,anom_scenario_1,0,train
anom_1_30.csv,anom,scenario_1,anom_scenario_1,0,train
anom_1_4.csv,anom,scenario_1,anom_scenario_1,0,train
anom_1_5.csv,anom,scenario_1,anom_scenario_1,0,train
anom_1_6.csv,anom,scenario_1,anom_scenario_1,0,train
anom_1_7.csv,anom,scenario_1,anom_scenario_1,0,train
anom_1_8.csv,anom,scenario_1,anom_scenario_1,0,train
anom_1_9.csv,anom,scenario_1,anom_scenario_1,0,train
anom_10_1.csv,anom,scenario_10,anom_scenario_10,0,train
anom_10_10.csv,anom,scenario_10,anom_scenario_10,0,train
anom_10_11.csv,anom,scenario_10,anom_scenario_10,0,train
anom_10_12.csv,anom,scenario_10,anom_scenario_10,0,train
anom_10_13.csv,anom,scenario_10,anom_scenario_10,0,train
anom_10_15.csv,anom,scenario_10,anom_scenario_10,0,train
anom_10_16.csv,anom,scenario_10,anom_scenario_10,0,train
anom_10_17.csv,anom,scenario_10,anom_scenario_10,0,train
anom_10_18.csv,anom,scenario_10,anom_scenario_10,0,train
anom_10_19.csv,anom,scenario_10,anom_scenario_10,0,train
anom_10_2.csv,anom,scenario_10,anom_scenario_10,0,train
anom_10_20.csv,anom,scenario_10,anom_scenario_10,0,train
anom_10_21.csv,anom,scenario_10,anom_scenario_10,0,train
anom_10_22.csv,anom,scenario_10,anom_scenario_10,0,train
anom_10_23.csv,anom,scenario_10,anom_scenario_10,0,train
anom_10_24.csv,anom,scenario_10,anom_scenario_10,0,train
anom_10_25.csv,anom,scenario_10,anom_scenario_10,0,train
anom_10_26.csv,anom,scenario_10,anom_scenario_10,0,train
anom_10_27.csv,anom,scenario_10,anom_scenario_10,0,train
anom_10_28.csv,anom,scenario_10,anom_scenario_10,0,train
anom_10_3.csv,anom,scenario_10,anom_scenario_10,0,train
anom_10_4.csv,anom,scenario_10,anom_scenario_10,0,train
anom_10_5.csv,anom,scenario_10,anom_scenario_10,0,train
anom_10_6.csv,anom,scenario_10,anom_scenario_10,0,train
anom_10_7.csv,anom,scenario_10,anom_scenario_10,0,train
anom_10_8.csv,anom,scenario_10,anom_scenario_10,0,train
anom_10_9.csv,anom,scenario_10,anom_scenario_10,0,train
anom_11_1.csv,anom,scenario_11,anom_scenario_11,0,val
anom_11_10.csv,anom,scenario_11,anom_scenario_11,0,val
anom_11_11.csv,anom,scenario_11,anom_scenario_11,0,val
anom_11_12.csv,anom,scenario_11,anom_scenario_11,0,val
anom_11_13.csv,anom,scenario_11,anom_scenario_11,0,val
anom_11_14.csv,anom,scenario_11,anom_scenario_11,0,val
anom_11_15.csv,anom,scenario_11,anom_scenario_11,0,val
anom_11_16.csv,anom,scenario_11,anom_scenario_11,0,val
anom_11_17.csv,anom,scenario_11,anom_scenario_11,0,val
anom_11_18.csv,anom,scenario_11,anom_scenario_11,0,val
anom_11_19.csv,anom,scenario_11,anom_scenario_11,0,val
anom_11_2.csv,anom,scenario_11,anom_scenario_11,0,val
anom_11_20.csv,anom,scenario_11,anom_scenario_11,0,val
anom_11_21.csv,anom,scenario_11,anom_scenario_11,0,val
anom_11_22.csv,anom,scenario_11,anom_scenario_11,0,val
anom_11_23.csv,anom,scenario_11,anom_scenario_11,0,val
anom_11_24.csv,anom,scenario_11,anom_scenario_11,0,val
anom_11_25.csv,anom,scenario_11,anom_scenario_11,0,val
anom_11_26.csv,anom,scenario_11,anom_scenario_11,0,val
anom_11_27.csv,anom,scenario_11,anom_scenario_11,0,val
anom_11_28.csv,anom,scenario_11,anom_scenario_11,0,val
anom_11_3.csv,anom,scenario_11,anom_scenario_11,0,val
anom_11_4.csv,anom,scenario_11,anom_scenario_11,0,val
anom_11_5.csv,anom,scenario_11,anom_scenario_11,0,val
anom_11_6.csv,anom,scenario_11,anom_scenario_11,0,val
anom_11_7.csv,anom,scenario_11,anom_scenario_11,0,val
anom_11_8.csv,anom,scenario_11,anom_scenario_11,0,val
anom_11_9.csv,anom,scenario_11,anom_scenario_11,0,val
anom_12_1.csv,anom,scenario_12,anom_scenario_12,0,train
anom_12_10.csv,anom,scenario_12,anom_scenario_12,0,train
anom_12_11.csv,anom,scenario_12,anom_scenario_12,0,train
anom_12_12.csv,anom,scenario_12,anom_scenario_12,0,train
anom_12_13.csv,anom,scenario_12,anom_scenario_12,0,train
anom_12_14.csv,anom,scenario_12,anom_scenario_12,0,train
anom_12_15.csv,anom,scenario_12,anom_scenario_12,0,train
anom_12_16.csv,anom,scenario_12,anom_scenario_12,0,train
anom_12_17.csv,anom,scenario_12,anom_scenario_12,0,train
anom_12_18.csv,anom,scenario_12,anom_scenario_12,0,train
anom_12_19.csv,anom,scenario_12,anom_scenario_12,0,train
anom_12_2.csv,anom,scenario_12,anom_scenario_12,0,train
anom_12_20.csv,anom,scenario_12,anom_scenario_12,0,train
anom_12_21.csv,anom,scenario_12,anom_scenario_12,0,train
anom_12_22.csv,anom,scenario_12,anom_scenario_12,0,train
anom_12_23.csv,anom,scenario_12,anom_scenario_12,0,train
anom_12_24.csv,anom,scenario_12,anom_scenario_12,0,train
anom_12_25.csv,anom,scenario_12,anom_scenario_12,0,train
anom_12_26.csv,anom,scenario_12,anom_scenario_12,0,train
anom_12_27.csv,anom,scenario_12,anom_scenario_12,0,train
anom_12_28.csv,anom,scenario_12,anom_scenario_12,0,train
anom_12_3.csv,anom,scenario_12,anom_scenario_12,0,train
anom_12_4.csv,anom,scenario_12,anom_scenario_12,0,train
anom_12_5.csv,anom,scenario_12,anom_scenario_12,0,train
anom_12_6.csv,anom,scenario_12,anom_scenario_12,0,train
anom_12_7.csv,anom,scenario_12,anom_scenario_12,0,train
anom_12_8.csv,anom,scenario_12,anom_scenario_12,0,train
anom_12_9.csv,anom,scenario_12,anom_scenario_12,0,train
anom_13_1.csv,anom,scenario_13,anom_scenario_13,0,test
anom_13_10.csv,anom,scenario_13,anom_scenario_13,0,test
anom_13_11.csv,anom,scenario_13,anom_scenario_13,0,test
anom_13_12.csv,anom,scenario_13,anom_scenario_13,0,test
anom_13_13.csv,anom,scenario_13,anom_scenario_13,0,test
anom_13_14.csv,anom,scenario_13,anom_scenario_13,0,test
anom_13_15.csv,anom,scenario_13,anom_scenario_13,0,test
anom_13_16.csv,anom,scenario_13,anom_scenario_13,0,test
anom_13_17.csv,anom,scenario_13,anom_scenario_13,0,test
anom_13_18.csv,anom,scenario_13,anom_scenario_13,0,test
anom_13_19.csv,anom,scenario_13,anom_scenario_13,0,test
anom_13_2.csv,anom,scenario_13,anom_scenario_13,0,test
anom_13_20.csv,anom,scenario_13,anom_scenario_13,0,test
anom_13_21.csv,anom,scenario_13,anom_scenario_13,0,test
anom_13_22.csv,anom,scenario_13,anom_scenario_13,0,test
anom_13_23.csv,anom,scenario_13,anom_scenario_13,0,test
anom_13_24.csv,anom,scenario_13,anom_scenario_13,0,test
anom_13_25.csv,anom,scenario_13,anom_scenario_13,0,test
anom_13_26.csv,anom,scenario_13,anom_scenario_13,0,test
anom_13_27.csv,anom,scenario_13,anom_scenario_13,0,test
anom_13_28.csv,anom,scenario_13,anom_scenario_13,0,test
anom_13_3.csv,anom,scenario_13,anom_scenario_13,0,test
anom_13_4.csv,anom,scenario_13,anom_scenario_13,0,test
anom_13_5.csv,anom,scenario_13,anom_scenario_13,0,test
anom_13_6.csv,anom,scenario_13,anom_scenario_13,0,test
anom_13_7.csv,anom,scenario_13,anom_scenario_13,0,test
anom_13_8.csv,anom,scenario_13,anom_scenario_13,0,test
anom_13_9.csv,anom,scenario_13,anom_scenario_13,0,test
anom_14_1.csv,anom,scenario_14,anom_scenario_14,0,train
anom_14_10.csv,anom,scenario_14,anom_scenario_14,0,train
anom_14_11.csv,anom,scenario_14,anom_scenario_14,0,train
anom_14_12.csv,anom,scenario_14,anom_scenario_14,0,train
anom_14_13.csv,anom,scenario_14,anom_scenario_14,0,train
anom_14_14.csv,anom,scenario_14,anom_scenario_14,0,train
anom_14_15.csv,anom,scenario_14,anom_scenario_14,0,train
anom_14_16.csv,anom,scenario_14,anom_scenario_14,0,train
anom_14_17.csv,anom,scenario_14,anom_scenario_14,0,train
anom_14_18.csv,anom,scenario_14,anom_scenario_14,0,train
anom_14_19.csv,anom,scenario_14,anom_scenario_14,0,train
anom_14_2.csv,anom,scenario_14,anom_scenario_14,0,train
anom_14_20.csv,anom,scenario_14,anom_scenario_14,0,train
anom_14_21.csv,anom,scenario_14,anom_scenario_14,0,train
anom_14_22.csv,anom,scenario_14,anom_scenario_14,0,train
anom_14_23.csv,anom,scenario_14,anom_scenario_14,0,train
anom_14_24.csv,anom,scenario_14,anom_scenario_14,0,train
anom_14_25.csv,anom,scenario_14,anom_scenario_14,0,train
anom_14_26.csv,anom,scenario_14,anom_scenario_14,0,train
anom_14_27.csv,anom,scenario_14,anom_scenario_14,0,train
anom_14_28.csv,anom,scenario_14,anom_scenario_14,0,train
anom_14_3.csv,anom,scenario_14,anom_scenario_14,0,train
anom_14_4.csv,anom,scenario_14,anom_scenario_14,0,train
anom_14_5.csv,anom,scenario_14,anom_scenario_14,0,train
anom_14_6.csv,anom,scenario_14,anom_scenario_14,0,train
anom_14_7.csv,anom,scenario_14,anom_scenario_14,0,train
anom_14_8.csv,anom,scenario_14,anom_scenario_14,0,train
anom_14_9.csv,anom,scenario_14,anom_scenario_14,0,train
anom_15_1.csv,anom,scenario_15,anom_scenario_15,0,train
anom_15_10.csv,anom,scenario_15,anom_scenario_15,0,train
anom_15_11.csv,anom,scenario_15,anom_scenario_15,0,train
anom_15_12.csv,anom,scenario_15,anom_scenario_15,0,train
anom_15_13.csv,anom,scenario_15,anom_scenario_15,0,train
anom_15_14.csv,anom,scenario_15,anom_scenario_15,0,train
anom_15_15.csv,anom,scenario_15,anom_scenario_15,0,train
anom_15_16.csv,anom,scenario_15,anom_scenario_15,0,train
anom_15_17.csv,anom,scenario_15,anom_scenario_15,0,train
anom_15_18.csv,anom,scenario_15,anom_scenario_15,0,train
anom_15_2.csv,anom,scenario_15,anom_scenario_15,0,train
anom_15_3.csv,anom,scenario_15,anom_scenario_15,0,train
anom_15_4.csv,anom,scenario_15,anom_scenario_15,0,train
anom_15_5.csv,anom,scenario_15,anom_scenario_15,0,train
anom_15_6.csv,anom,scenario_15,anom_scenario_15,0,train
anom_15_7.csv,anom,scenario_15,anom_scenario_15,0,train
anom_15_8.csv,anom,scenario_15,anom_scenario_15,0,train
anom_15_9.csv,anom,scenario_15,anom_scenario_15,0,train
anom_16_1.csv,anom,scenario_16,anom_scenario_16,0,train
anom_16_10.csv,anom,scenario_16,anom_scenario_16,0,train
anom_16_11.csv,anom,scenario_16,anom_scenario_16,0,train
anom_16_12.csv,anom,scenario_16,anom_scenario_16,0,train
anom_16_13.csv,anom,scenario_16,anom_scenario_16,0,train
anom_16_14.csv,anom,scenario_16,anom_scenario_16,0,train
anom_16_15.csv,anom,scenario_16,anom_scenario_16,0,train
anom_16_16.csv,anom,scenario_16,anom_scenario_16,0,train
anom_16_17.csv,anom,scenario_16,anom_scenario_16,0,train
anom_16_18.csv,anom,scenario_16,anom_scenario_16,0,train
anom_16_2.csv,anom,scenario_16,anom_scenario_16,0,train
anom_16_3.csv,anom,scenario_16,anom_scenario_16,0,train
anom_16_4.csv,anom,scenario_16,anom_scenario_16,0,train
anom_16_5.csv,anom,scenario_16,anom_scenario_16,0,train
anom_16_6.csv,anom,scenario_16,anom_scenario_16,0,train
anom_16_7.csv,anom,scenario_16,anom_scenario_16,0,train
anom_16_8.csv,anom,scenario_16,anom_scenario_16,0,train
anom_16_9.csv,anom,scenario_16,anom_scenario_16,0,train
anom_17_1.csv,anom,scenario_17,anom_scenario_17,0,test
anom_17_10.csv,anom,scenario_17,anom_scenario_17,0,test
anom_17_11.csv,anom,scenario_17,anom_scenario_17,0,test
anom_17_12.csv,anom,scenario_17,anom_scenario_17,0,test
anom_17_13.csv,anom,scenario_17,anom_scenario_17,0,test
anom_17_14.csv,anom,scenario_17,anom_scenario_17,0,test
anom_17_15.csv,anom,scenario_17,anom_scenario_17,0,test
anom_17_16.csv,anom,scenario_17,anom_scenario_17,0,test
anom_17_17.csv,anom,scenario_17,anom_scenario_17,0,test
anom_17_18.csv,anom,scenario_17,anom_scenario_17,0,test
anom_17_2.csv,anom,scenario_17,anom_scenario_17,0,test
anom_17_3.csv,anom,scenario_17,anom_scenario_17,0,test
anom_17_4.csv,anom,scenario_17,anom_scenario_17,0,test
anom_17_5.csv,anom,scenario_17,anom_scenario_17,0,test
anom_17_6.csv,anom,scenario_17,anom_scenario_17,0,test
anom_17_7.csv,anom,scenario_17,anom_scenario_17,0,test
anom_17_8.csv,anom,scenario_17,anom_scenario_17,0,test
anom_17_9.csv,anom,scenario_17,anom_scenario_17,0,test
anom_2_1.csv,anom,scenario_2,anom_scenario_2,0,train
anom_2_10.csv,anom,scenario_2,anom_scenario_2,0,train
anom_2_11.csv,anom,scenario_2,anom_scenario_2,0,train
anom_2_12.csv,anom,scenario_2,anom_scenario_2,0,train
anom_2_13.csv,anom,scenario_2,anom_scenario_2,0,train
anom_2_14.csv,anom,scenario_2,anom_scenario_2,0,train
anom_2_15.csv,anom,scenario_2,anom_scenario_2,0,train
anom_2_16.csv,anom,scenario_2,anom_scenario_2,0,train
anom_2_17.csv,anom,scenario_2,anom_scenario_2,0,train
anom_2_18.csv,anom,scenario_2,anom_scenario_2,0,train
anom_2_19.csv,anom,scenario_2,anom_scenario_2,0,train
anom_2_2.csv,anom,scenario_2,anom_scenario_2,0,train
anom_2_20.csv,anom,scenario_2,anom_scenario_2,0,train
anom_2_21.csv,anom,scenario_2,anom_scenario_2,0,train
anom_2_22.csv,anom,scenario_2,anom_scenario_2,0,train
anom_2_23.csv,anom,scenario_2,anom_scenario_2,0,train
anom_2_24.csv,anom,scenario_2,anom_scenario_2,0,train
anom_2_25.csv,anom,scenario_2,anom_scenario_2,0,train
anom_2_26.csv,anom,scenario_2,anom_scenario_2,0,train
anom_2_27.csv,anom,scenario_2,anom_scenario_2,0,train
anom_2_28.csv,anom,scenario_2,anom_scenario_2,0,train
anom_2_29.csv,anom,scenario_2,anom_scenario_2,0,train
anom_2_3.csv,anom,scenario_2,anom_scenario_2,0,train
anom_2_30.csv,anom,scenario_2,anom_scenario_2,0,train
anom_2_4.csv,anom,scenario_2,anom_scenario_2,0,train
anom_2_5.csv,anom,scenario_2,anom_scenario_2,0,train
anom_2_6.csv,anom,scenario_2,anom_scenario_2,0,train
anom_2_7.csv,anom,scenario_2,anom_scenario_2,0,train
anom_2_8.csv,anom,scenario_2,anom_scenario_2,0,train
anom_2_9.csv,anom,scenario_2,anom_scenario_2,0,train
anom_3_1.csv,anom,scenario_3,anom_scenario_3,0,train
anom_3_10.csv,anom,scenario_3,anom_scenario_3,0,train
anom_3_11.csv,anom,scenario_3,anom_scenario_3,0,train
anom_3_12.csv,anom,scenario_3,anom_scenario_3,0,train
anom_3_13.csv,anom,scenario_3,anom_scenario_3,0,train
anom_3_14.csv,anom,scenario_3,anom_scenario_3,0,train
anom_3_15.csv,anom,scenario_3,anom_scenario_3,0,train
anom_3_16.csv,anom,scenario_3,anom_scenario_3,0,train
anom_3_17.csv,anom,scenario_3,anom_scenario_3,0,train
anom_3_18.csv,anom,scenario_3,anom_scenario_3,0,train
anom_3_19.csv,anom,scenario_3,anom_scenario_3,0,train
anom_3_2.csv,anom,scenario_3,anom_scenario_3,0,train
anom_3_20.csv,anom,scenario_3,anom_scenario_3,0,train
anom_3_21.csv,anom,scenario_3,anom_scenario_3,0,train
anom_3_22.csv,anom,scenario_3,anom_scenario_3,0,train
anom_3_23.csv,anom,scenario_3,anom_scenario_3,0,train
anom_3_24.csv,anom,scenario_3,anom_scenario_3,0,train
anom_3_25.csv,anom,scenario_3,anom_scenario_3,0,train
anom_3_26.csv,anom,scenario_3,anom_scenario_3,0,train
anom_3_27.csv,anom,scenario_3,anom_scenario_3,0,train
anom_3_28.csv,anom,scenario_3,anom_scenario_3,0,train
anom_3_29.csv,anom,scenario_3,anom_scenario_3,0,train
anom_3_3.csv,anom,scenario_3,anom_scenario_3,0,train
anom_3_30.csv,anom,scenario_3,anom_scenario_3,0,train
anom_3_4.csv,anom,scenario_3,anom_scenario_3,0,train
anom_3_5.csv,anom,scenario_3,anom_scenario_3,0,train
anom_3_6.csv,anom,scenario_3,anom_scenario_3,0,train
anom_3_7.csv,anom,scenario_3,anom_scenario_3,0,train
anom_3_8.csv,anom,scenario_3,anom_scenario_3,0,train
anom_3_9.csv,anom,scenario_3,anom_scenario_3,0,train
anom_4_1.csv,anom,scenario_4,anom_scenario_4,0,train
anom_4_10.csv,anom,scenario_4,anom_scenario_4,0,train
anom_4_11.csv,anom,scenario_4,anom_scenario_4,0,train
anom_4_12.csv,anom,scenario_4,anom_scenario_4,0,train
anom_4_13.csv,anom,scenario_4,anom_scenario_4,0,train
anom_4_14.csv,anom,scenario_4,anom_scenario_4,0,train
anom_4_15.csv,anom,scenario_4,anom_scenario_4,0,train
anom_4_16.csv,anom,scenario_4,anom_scenario_4,0,train
anom_4_17.csv,anom,scenario_4,anom_scenario_4,0,train
anom_4_18.csv,anom,scenario_4,anom_scenario_4,0,train
anom_4_19.csv,anom,scenario_4,anom_scenario_4,0,train
anom_4_2.csv,anom,scenario_4,anom_scenario_4,0,train
anom_4_20.csv,anom,scenario_4,anom_scenario_4,0,train
anom_4_21.csv,anom,scenario_4,anom_scenario_4,0,train
anom_4_22.csv,anom,scenario_4,anom_scenario_4,0,train
anom_4_23.csv,anom,scenario_4,anom_scenario_4,0,train
anom_4_24.csv,anom,scenario_4,anom_scenario_4,0,train
anom_4_25.csv,anom,scenario_4,anom_scenario_4,0,train
anom_4_26.csv,anom,scenario_4,anom_scenario_4,0,train
anom_4_27.csv,anom,scenario_4,anom_scenario_4,0,train
anom_4_28.csv,anom,scenario_4,anom_scenario_4,0,train
anom_4_29.csv,anom,scenario_4,anom_scenario_4,0,train
anom_4_3.csv,anom,scenario_4,anom_scenario_4,0,train
anom_4_30.csv,anom,scenario_4,anom_scenario_4,0,train
anom_4_4.csv,anom,scenario_4,anom_scenario_4,0,train
anom_4_5.csv,anom,scenario_4,anom_scenario_4,0,train
anom_4_6.csv,anom,scenario_4,anom_scenario_4,0,train
anom_4_7.csv,anom,scenario_4,anom_scenario_4,0,train
anom_4_8.csv,anom,scenario_4,anom_scenario_4,0,train
anom_4_9.csv,anom,scenario_4,anom_scenario_4,0,train
anom_5_1.csv,anom,scenario_5,anom_scenario_5,0,test
anom_5_10.csv,anom,scenario_5,anom_scenario_5,0,test
anom_5_11.csv,anom,scenario_5,anom_scenario_5,0,test
anom_5_12.csv,anom,scenario_5,anom_scenario_5,0,test
anom_5_13.csv,anom,scenario_5,anom_scenario_5,0,test
anom_5_14.csv,anom,scenario_5,anom_scenario_5,0,test
anom_5_15.csv,anom,scenario_5,anom_scenario_5,0,test
anom_5_16.csv,anom,scenario_5,anom_scenario_5,0,test
anom_5_17.csv,anom,scenario_5,anom_scenario_5,0,test
anom_5_18.csv,anom,scenario_5,anom_scenario_5,0,test
anom_5_19.csv,anom,scenario_5,anom_scenario_5,0,test
anom_5_2.csv,anom,scenario_5,anom_scenario_5,0,test
anom_5_20.csv,anom,scenario_5,anom_scenario_5,0,test
anom_5_21.csv,anom,scenario_5,anom_scenario_5,0,test
anom_5_22.csv,anom,scenario_5,anom_scenario_5,0,test
anom_5_23.csv,anom,scenario_5,anom_scenario_5,0,test
anom_5_24.csv,anom,scenario_5,anom_scenario_5,0,test
anom_5_25.csv,anom,scenario_5,anom_scenario_5,0,test
anom_5_26.csv,anom,scenario_5,anom_scenario_5,0,test
anom_5_27.csv,anom,scenario_5,anom_scenario_5,0,test
anom_5_28.csv,anom,scenario_5,anom_scenario_5,0,test
anom_5_29.csv,anom,scenario_5,anom_scenario_5,0,test
anom_5_3.csv,anom,scenario_5,anom_scenario_5,0,test
anom_5_30.csv,anom,scenario_5,anom_scenario_5,0,test
anom_5_4.csv,anom,scenario_5,anom_scenario_5,0,test
anom_5_5.csv,anom,scenario_5,anom_scenario_5,0,test
anom_5_6.csv,anom,scenario_5,anom_scenario_5,0,test
anom_5_7.csv,anom,scenario_5,anom_scenario_5,0,test
anom_5_8.csv,anom,scenario_5,anom_scenario_5,0,test
anom_5_9.csv,anom,scenario_5,anom_scenario_5,0,test
anom_6_1.csv,anom,scenario_6,anom_scenario_6,0,val
anom_6_10.csv,anom,scenario_6,anom_scenario_6,0,val
anom_6_11.csv,anom,scenario_6,anom_scenario_6,0,val
anom_6_12.csv,anom,scenario_6,anom_scenario_6,0,val
anom_6_13.csv,anom,scenario_6,anom_scenario_6,0,val
anom_6_14.csv,anom,scenario_6,anom_scenario_6,0,val
anom_6_15.csv,anom,scenario_6,anom_scenario_6,0,val
anom_6_16.csv,anom,scenario_6,anom_scenario_6,0,val
anom_6_17.csv,anom,scenario_6,anom_scenario_6,0,val
anom_6_18.csv,anom,scenario_6,anom_scenario_6,0,val
anom_6_19.csv,anom,scenario_6,anom_scenario_6,0,val
anom_6_2.csv,anom,scenario_6,anom_scenario_6,0,val
anom_6_20.csv,anom,scenario_6,anom_scenario_6,0,val
anom_6_21.csv,anom,scenario_6,anom_scenario_6,0,val
anom_6_22.csv,anom,scenario_6,anom_scenario_6,0,val
anom_6_23.csv,anom,scenario_6,anom_scenario_6,0,val
anom_6_24.csv,anom,scenario_6,anom_scenario_6,0,val
anom_6_25.csv,anom,scenario_6,anom_scenario_6,0,val
anom_6_26.csv,anom,scenario_6,anom_scenario_6,0,val
anom_6_27.csv,anom,scenario_6,anom_scenario_6,0,val
anom_6_28.csv,anom,scenario_6,anom_scenario_6,0,val
anom_6_29.csv,anom,scenario_6,anom_scenario_6,0,val
anom_6_3.csv,anom,scenario_6,anom_scenario_6,0,val
anom_6_30.csv,anom,scenario_6,anom_scenario_6,0,val
anom_6_4.csv,anom,scenario_6,anom_scenario_6,0,val
anom_6_5.csv,anom,scenario_6,anom_scenario_6,0,val
anom_6_6.csv,anom,scenario_6,anom_scenario_6,0,val
anom_6_7.csv,anom,scenario_6,anom_scenario_6,0,val
anom_6_8.csv,anom,scenario_6,anom_scenario_6,0,val
anom_6_9.csv,anom,scenario_6,anom_scenario_6,0,val
anom_7_1.csv,anom,scenario_7,anom_scenario_7,0,train
anom_7_10.csv,anom,scenario_7,anom_scenario_7,0,train
anom_7_11.csv,anom,scenario_7,anom_scenario_7,0,train
anom_7_12.csv,anom,scenario_7,anom_scenario_7,0,train
anom_7_13.csv,anom,scenario_7,anom_scenario_7,0,train
anom_7_14.csv,anom,scenario_7,anom_scenario_7,0,train
anom_7_15.csv,anom,scenario_7,anom_scenario_7,0,train
anom_7_16.csv,anom,scenario_7,anom_scenario_7,0,train
anom_7_17.csv,anom,scenario_7,anom_scenario_7,0,train
anom_7_18.csv,anom,scenario_7,anom_scenario_7,0,train
anom_7_19.csv,anom,scenario_7,anom_scenario_7,0,train
anom_7_2.csv,anom,scenario_7,anom_scenario_7,0,train
anom_7_20.csv,anom,scenario_7,anom_scenario_7,0,train
anom_7_21.csv,anom,scenario_7,anom_scenario_7,0,train
anom_7_22.csv,anom,scenario_7,anom_scenario_7,0,train
anom_7_23.csv,anom,scenario_7,anom_scenario_7,0,train
anom_7_24.csv,anom,scenario_7,anom_scenario_7,0,train
anom_7_25.csv,anom,scenario_7,anom_scenario_7,0,train
anom_7_26.csv,anom,scenario_7,anom_scenario_7,0,train
anom_7_27.csv,anom,scenario_7,anom_scenario_7,0,train
anom_7_28.csv,anom,scenario_7,anom_scenario_7,0,train
anom_7_29.csv,anom,scenario_7,anom_scenario_7,0,train
anom_7_3.csv,anom,scenario_7,anom_scenario_7,0,train
anom_7_30.csv,anom,scenario_7,anom_scenario_7,0,train
anom_7_4.csv,anom,scenario_7,anom_scenario_7,0,train
anom_7_5.csv,anom,scenario_7,anom_scenario_7,0,train
anom_7_6.csv,anom,scenario_7,anom_scenario_7,0,train
anom_7_7.csv,anom,scenario_7,anom_scenario_7,0,train
anom_7_8.csv,anom,scenario_7,anom_scenario_7,0,train
anom_7_9.csv,anom,scenario_7,anom_scenario_7,0,train
anom_8_1.csv,anom,scenario_8,anom_scenario_8,0,train
anom_8_10.csv,anom,scenario_8,anom_scenario_8,0,train
anom_8_11.csv,anom,scenario_8,anom_scenario_8,0,train
anom_8_12.csv,anom,scenario_8,anom_scenario_8,0,train
anom_8_13.csv,anom,scenario_8,anom_scenario_8,0,train
anom_8_14.csv,anom,scenario_8,anom_scenario_8,0,train
anom_8_15.csv,anom,scenario_8,anom_scenario_8,0,train
anom_8_16.csv,anom,scenario_8,anom_scenario_8,0,train
anom_8_17.csv,anom,scenario_8,anom_scenario_8,0,train
anom_8_18.csv,anom,scenario_8,anom_scenario_8,0,train
anom_8_19.csv,anom,scenario_8,anom_scenario_8,0,train
anom_8_2.csv,anom,scenario_8,anom_scenario_8,0,train
anom_8_20.csv,anom,scenario_8,anom_scenario_8,0,train
anom_8_21.csv,anom,scenario_8,anom_scenario_8,0,train
anom_8_22.csv,anom,scenario_8,anom_scenario_8,0,train
anom_8_23.csv,anom,scenario_8,anom_scenario_8,0,train
anom_8_24.csv,anom,scenario_8,anom_scenario_8,0,train
anom_8_25.csv,anom,scenario_8,anom_scenario_8,0,train
anom_8_26.csv,anom,scenario_8,anom_scenario_8,0,train
anom_8_27.csv,anom,scenario_8,anom_scenario_8,0,train
anom_8_28.csv,anom,scenario_8,anom_scenario_8,0,train
anom_8_29.csv,anom,scenario_8,anom_scenario_8,0,train
anom_8_3.csv,anom,scenario_8,anom_scenario_8,0,train
anom_8_30.csv,anom,scenario_8,anom_scenario_8,0,train
anom_8_4.csv,anom,scenario_8,anom_scenario_8,0,train
anom_8_5.csv,anom,scenario_8,anom_scenario_8,0,train
anom_8_6.csv,anom,scenario_8,anom_scenario_8,0,train
anom_8_7.csv,anom,scenario_8,anom_scenario_8,0,train
anom_8_8.csv,anom,scenario_8,anom_scenario_8,0,train
anom_8_9.csv,anom,scenario_8,anom_scenario_8,0,train
anom_9_1.csv,anom,scenario_9,anom_scenario_9,0,train
anom_9_10.csv,anom,scenario_9,anom_scenario_9,0,train
anom_9_11.csv,anom,scenario_9,anom_scenario_9,0,train
anom_9_12.csv,anom,scenario_9,anom_scenario_9,0,train
anom_9_13.csv,anom,scenario_9,anom_scenario_9,0,train
anom_9_15.csv,anom,scenario_9,anom_scenario_9,0,train
anom_9_16.csv,anom,scenario_9,anom_scenario_9,0,train
anom_9_17.csv,anom,scenario_9,anom_scenario_9,0,train
anom_9_18.csv,anom,scenario_9,anom_scenario_9,0,train
anom_9_19.csv,anom,scenario_9,anom_scenario_9,0,train
anom_9_2.csv,anom,scenario_9,anom_scenario_9,0,train
anom_9_20.csv,anom,scenario_9,anom_scenario_9,0,train
anom_9_21.csv,anom,scenario_9,anom_scenario_9,0,train
anom_9_22.csv,anom,scenario_9,anom_scenario_9,0,train
anom_9_23.csv,anom,scenario_9,anom_scenario_9,0,train
anom_9_24.csv,anom,scenario_9,anom_scenario_9,0,train
anom_9_25.csv,anom,scenario_9,anom_scenario_9,0,train
anom_9_26.csv,anom,scenario_9,anom_scenario_9,0,train
anom_9_27.csv,anom,scenario_9,anom_scenario_9,0,train
anom_9_28.csv,anom,scenario_9,anom_scenario_9,0,train
anom_9_3.csv,anom,scenario_9,anom_scenario_9,0,train
anom_9_4.csv,anom,scenario_9,anom_scenario_9,0,train
anom_9_5.csv,anom,scenario_9,anom_scenario_9,0,train
anom_9_6.csv,anom,scenario_9,anom_scenario_9,0,train
anom_9_7.csv,anom,scenario_9,anom_scenario_9,0,train
anom_9_8.csv,anom,scenario_9,anom_scenario_9,0,train
anom_9_9.csv,anom,scenario_9,anom_scenario_9,0,train
norm_1_1.csv,norm,scenario_1,norm_scenario_1,0,train
norm_1_10.csv,norm,scenario_1,norm_scenario_1,0,train
norm_1_11.csv,norm,scenario_1,norm_scenario_1,0,train
norm_1_12.csv,norm,scenario_1,norm_scenario_1,0,train
norm_1_13.csv,norm,scenario_1,norm_scenario_1,0,train
norm_1_14.csv,norm,scenario_1,norm_scenario_1,0,train
norm_1_15.csv,norm,scenario_1,norm_scenario_1,0,train
norm_1_16.csv,norm,scenario_1,norm_scenario_1,0,train
norm_1_17.csv,norm,scenario_1,norm_scenario_1,0,train
norm_1_18.csv,norm,scenario_1,norm_scenario_1,0,train
norm_1_19.csv,norm,scenario_1,norm_scenario_1,0,train
norm_1_2.csv,norm,scenario_1,norm_scenario_1,0,train
norm_1_20.csv,norm,scenario_1,norm_scenario_1,0,train
norm_1_21.csv,norm,scenario_1,norm_scenario_1,0,train
norm_1_22.csv,norm,scenario_1,norm_scenario_1,0,train
norm_1_23.csv,norm,scenario_1,norm_scenario_1,0,train
norm_1_24.csv,norm,scenario_1,norm_scenario_1,0,train
norm_1_25.csv,norm,scenario_1,norm_scenario_1,0,train
norm_1_26.csv,norm,scenario_1,norm_scenario_1,0,train
norm_1_27.csv,norm,scenario_1,norm_scenario_1,0,train
norm_1_28.csv,norm,scenario_1,norm_scenario_1,0,train
norm_1_29.csv,norm,scenario_1,norm_scenario_1,0,train
norm_1_3.csv,norm,scenario_1,norm_scenario_1,0,train
norm_1_30.csv,norm,scenario_1,norm_scenario_1,0,train
norm_1_31.csv,norm,scenario_1,norm_scenario_1,0,train
norm_1_32.csv,norm,scenario_1,norm_scenario_1,0,train
norm_1_33.csv,norm,scenario_1,norm_scenario_1,0,train
norm_1_34.csv,norm,scenario_1,norm_scenario_1,0,train
norm_1_35.csv,norm,scenario_1,norm_scenario_1,0,train
norm_1_36.csv,norm,scenario_1,norm_scenario_1,0,train
norm_1_37.csv,norm,scenario_1,norm_scenario_1,0,train
norm_1_38.csv,norm,scenario_1,norm_scenario_1,0,train
norm_1_39.csv,norm,scenario_1,norm_scenario_1,0,train
norm_1_4.csv,norm,scenario_1,norm_scenario_1,0,train
norm_1_40.csv,norm,scenario_1,norm_scenario_1,0,train
norm_1_41.csv,norm,scenario_1,norm_scenario_1,0,train
norm_1_42.csv,norm,scenario_1,norm_scenario_1,0,train
norm_1_43.csv,norm,scenario_1,norm_scenario_1,0,train
norm_1_44.csv,norm,scenario_1,norm_scenario_1,0,train
norm_1_45.csv,norm,scenario_1,norm_scenario_1,0,train
norm_1_5.csv,norm,scenario_1,norm_scenario_1,0,train
norm_1_6.csv,norm,scenario_1,norm_scenario_1,0,train
norm_1_7.csv,norm,scenario_1,norm_scenario_1,0,train
norm_1_8.csv,norm,scenario_1,norm_scenario_1,0,train
norm_1_9.csv,norm,scenario_1,norm_scenario_1,0,train
norm_10_1.csv,norm,scenario_10,norm_scenario_10,0,train
norm_10_10.csv,norm,scenario_10,norm_scenario_10,0,train
norm_10_11.csv,norm,scenario_10,norm_scenario_10,0,train
norm_10_12.csv,norm,scenario_10,norm_scenario_10,0,train
norm_10_13.csv,norm,scenario_10,norm_scenario_10,0,train
norm_10_14.csv,norm,scenario_10,norm_scenario_10,0,train
norm_10_15.csv,norm,scenario_10,norm_scenario_10,0,train
norm_10_16.csv,norm,scenario_10,norm_scenario_10,0,train
norm_10_17.csv,norm,scenario_10,norm_scenario_10,0,train
norm_10_18.csv,norm,scenario_10,norm_scenario_10,0,train
norm_10_19.csv,norm,scenario_10,norm_scenario_10,0,train
norm_10_2.csv,norm,scenario_10,norm_scenario_10,0,train
norm_10_20.csv,norm,scenario_10,norm_scenario_10,0,train
norm_10_21.csv,norm,scenario_10,norm_scenario_10,0,train
norm_10_22.csv,norm,scenario_10,norm_scenario_10,0,train
norm_10_23.csv,norm,scenario_10,norm_scenario_10,0,train
norm_10_24.csv,norm,scenario_10,norm_scenario_10,0,train
norm_10_25.csv,norm,scenario_10,norm_scenario_10,0,train
norm_10_26.csv,norm,scenario_10,norm_scenario_10,0,train
norm_10_27.csv,norm,scenario_10,norm_scenario_10,0,train
norm_10_28.csv,norm,scenario_10,norm_scenario_10,0,train
norm_10_29.csv,norm,scenario_10,norm_scenario_10,0,train
norm_10_3.csv,norm,scenario_10,norm_scenario_10,0,train
norm_10_30.csv,norm,scenario_10,norm_scenario_10,0,train
norm_10_4.csv,norm,scenario_10,norm_scenario_10,0,train
norm_10_5.csv,norm,scenario_10,norm_scenario_10,0,train
norm_10_6.csv,norm,scenario_10,norm_scenario_10,0,train
norm_10_7.csv,norm,scenario_10,norm_scenario_10,0,train
norm_10_8.csv,norm,scenario_10,norm_scenario_10,0,train
norm_10_9.csv,norm,scenario_10,norm_scenario_10,0,train
norm_11_1.csv,norm,scenario_11,norm_scenario_11,0,train
norm_11_10.csv,norm,scenario_11,norm_scenario_11,0,train
norm_11_11.csv,norm,scenario_11,norm_scenario_11,0,train
norm_11_12.csv,norm,scenario_11,norm_scenario_11,0,train
norm_11_13.csv,norm,scenario_11,norm_scenario_11,0,train
norm_11_14.csv,norm,scenario_11,norm_scenario_11,0,train
norm_11_15.csv,norm,scenario_11,norm_scenario_11,0,train
norm_11_16.csv,norm,scenario_11,norm_scenario_11,0,train
norm_11_17.csv,norm,scenario_11,norm_scenario_11,0,train
norm_11_18.csv,norm,scenario_11,norm_scenario_11,0,train
norm_11_19.csv,norm,scenario_11,norm_scenario_11,0,train
norm_11_2.csv,norm,scenario_11,norm_scenario_11,0,train
norm_11_20.csv,norm,scenario_11,norm_scenario_11,0,train
norm_11_21.csv,norm,scenario_11,norm_scenario_11,0,train
norm_11_22.csv,norm,scenario_11,norm_scenario_11,0,train
norm_11_23.csv,norm,scenario_11,norm_scenario_11,0,train
norm_11_24.csv,norm,scenario_11,norm_scenario_11,0,train
norm_11_25.csv,norm,scenario_11,norm_scenario_11,0,train
norm_11_26.csv,norm,scenario_11,norm_scenario_11,0,train
norm_11_27.csv,norm,scenario_11,norm_scenario_11,0,train
norm_11_28.csv,norm,scenario_11,norm_scenario_11,0,train
norm_11_29.csv,norm,scenario_11,norm_scenario_11,0,train
norm_11_3.csv,norm,scenario_11,norm_scenario_11,0,train
norm_11_30.csv,norm,scenario_11,norm_scenario_11,0,train
norm_11_4.csv,norm,scenario_11,norm_scenario_11,0,train
norm_11_5.csv,norm,scenario_11,norm_scenario_11,0,train
norm_11_6.csv,norm,scenario_11,norm_scenario_11,0,train
norm_11_7.csv,norm,scenario_11,norm_scenario_11,0,train
norm_11_8.csv,norm,scenario_11,norm_scenario_11,0,train
norm_11_9.csv,norm,scenario_11,norm_scenario_11,0,train
norm_12_1.csv,norm,scenario_12,norm_scenario_12,0,train
norm_12_10.csv,norm,scenario_12,norm_scenario_12,0,train
norm_12_11.csv,norm,scenario_12,norm_scenario_12,0,train
norm_12_12.csv,norm,scenario_12,norm_scenario_12,0,train
norm_12_13.csv,norm,scenario_12,norm_scenario_12,0,train
norm_12_14.csv,norm,scenario_12,norm_scenario_12,0,train
norm_12_15.csv,norm,scenario_12,norm_scenario_12,0,train
norm_12_16.csv,norm,scenario_12,norm_scenario_12,0,train
norm_12_17.csv,norm,scenario_12,norm_scenario_12,0,train
norm_12_18.csv,norm,scenario_12,norm_scenario_12,0,train
norm_12_19.csv,norm,scenario_12,norm_scenario_12,0,train
norm_12_2.csv,norm,scenario_12,norm_scenario_12,0,train
norm_12_20.csv,norm,scenario_12,norm_scenario_12,0,train
norm_12_21.csv,norm,scenario_12,norm_scenario_12,0,train
norm_12_22.csv,norm,scenario_12,norm_scenario_12,0,train
norm_12_23.csv,norm,scenario_12,norm_scenario_12,0,train
norm_12_24.csv,norm,scenario_12,norm_scenario_12,0,train
norm_12_25.csv,norm,scenario_12,norm_scenario_12,0,train
norm_12_26.csv,norm,scenario_12,norm_scenario_12,0,train
norm_12_27.csv,norm,scenario_12,norm_scenario_12,0,train
norm_12_28.csv,norm,scenario_12,norm_scenario_12,0,train
norm_12_29.csv,norm,scenario_12,norm_scenario_12,0,train
norm_12_3.csv,norm,scenario_12,norm_scenario_12,0,train
norm_12_30.csv,norm,scenario_12,norm_scenario_12,0,train
norm_12_4.csv,norm,scenario_12,norm_scenario_12,0,train
norm_12_5.csv,norm,scenario_12,norm_scenario_12,0,train
norm_12_6.csv,norm,scenario_12,norm_scenario_12,0,train
norm_12_7.csv,norm,scenario_12,norm_scenario_12,0,train
norm_12_8.csv,norm,scenario_12,norm_scenario_12,0,train
norm_12_9.csv,norm,scenario_12,norm_scenario_12,0,train
norm_13_1.csv,norm,scenario_13,norm_scenario_13,0,train
norm_13_10.csv,norm,scenario_13,norm_scenario_13,0,train
norm_13_11.csv,norm,scenario_13,norm_scenario_13,0,train
norm_13_12.csv,norm,scenario_13,norm_scenario_13,0,train
norm_13_13.csv,norm,scenario_13,norm_scenario_13,0,train
norm_13_14.csv,norm,scenario_13,norm_scenario_13,0,train
norm_13_15.csv,norm,scenario_13,norm_scenario_13,0,train
norm_13_16.csv,norm,scenario_13,norm_scenario_13,0,train
norm_13_17.csv,norm,scenario_13,norm_scenario_13,0,train
norm_13_18.csv,norm,scenario_13,norm_scenario_13,0,train
norm_13_19.csv,norm,scenario_13,norm_scenario_13,0,train
norm_13_2.csv,norm,scenario_13,norm_scenario_13,0,train
norm_13_20.csv,norm,scenario_13,norm_scenario_13,0,train
norm_13_21.csv,norm,scenario_13,norm_scenario_13,0,train
norm_13_22.csv,norm,scenario_13,norm_scenario_13,0,train
norm_13_23.csv,norm,scenario_13,norm_scenario_13,0,train
norm_13_24.csv,norm,scenario_13,norm_scenario_13,0,train
norm_13_25.csv,norm,scenario_13,norm_scenario_13,0,train
norm_13_26.csv,norm,scenario_13,norm_scenario_13,0,train
norm_13_27.csv,norm,scenario_13,norm_scenario_13,0,train
norm_13_28.csv,norm,scenario_13,norm_scenario_13,0,train
norm_13_29.csv,norm,scenario_13,norm_scenario_13,0,train
norm_13_3.csv,norm,scenario_13,norm_scenario_13,0,train
norm_13_30.csv,norm,scenario_13,norm_scenario_13,0,train
norm_13_4.csv,norm,scenario_13,norm_scenario_13,0,train
norm_13_5.csv,norm,scenario_13,norm_scenario_13,0,train
norm_13_6.csv,norm,scenario_13,norm_scenario_13,0,train
norm_13_7.csv,norm,scenario_13,norm_scenario_13,0,train
norm_13_8.csv,norm,scenario_13,norm_scenario_13,0,train
norm_13_9.csv,norm,scenario_13,norm_scenario_13,0,train
norm_14_1.csv,norm,scenario_14,norm_scenario_14,0,train
norm_14_10.csv,norm,scenario_14,norm_scenario_14,0,train
norm_14_11.csv,norm,scenario_14,norm_scenario_14,0,train
norm_14_12.csv,norm,scenario_14,norm_scenario_14,0,train
norm_14_13.csv,norm,scenario_14,norm_scenario_14,0,train
norm_14_14.csv,norm,scenario_14,norm_scenario_14,0,train
norm_14_15.csv,norm,scenario_14,norm_scenario_14,0,train
norm_14_16.csv,norm,scenario_14,norm_scenario_14,0,train
norm_14_17.csv,norm,scenario_14,norm_scenario_14,0,train
norm_14_18.csv,norm,scenario_14,norm_scenario_14,0,train
norm_14_19.csv,norm,scenario_14,norm_scenario_14,0,train
norm_14_2.csv,norm,scenario_14,norm_scenario_14,0,train
norm_14_20.csv,norm,scenario_14,norm_scenario_14,0,train
norm_14_21.csv,norm,scenario_14,norm_scenario_14,0,train
norm_14_22.csv,norm,scenario_14,norm_scenario_14,0,train
norm_14_23.csv,norm,scenario_14,norm_scenario_14,0,train
norm_14_24.csv,norm,scenario_14,norm_scenario_14,0,train
norm_14_25.csv,norm,scenario_14,norm_scenario_14,0,train
norm_14_26.csv,norm,scenario_14,norm_scenario_14,0,train
norm_14_27.csv,norm,scenario_14,norm_scenario_14,0,train
norm_14_28.csv,norm,scenario_14,norm_scenario_14,0,train
norm_14_29.csv,norm,scenario_14,norm_scenario_14,0,train
norm_14_3.csv,norm,scenario_14,norm_scenario_14,0,train
norm_14_30.csv,norm,scenario_14,norm_scenario_14,0,train
norm_14_4.csv,norm,scenario_14,norm_scenario_14,0,train
norm_14_5.csv,norm,scenario_14,norm_scenario_14,0,train
norm_14_6.csv,norm,scenario_14,norm_scenario_14,0,train
norm_14_7.csv,norm,scenario_14,norm_scenario_14,0,train
norm_14_8.csv,norm,scenario_14,norm_scenario_14,0,train
norm_14_9.csv,norm,scenario_14,norm_scenario_14,0,train
norm_15_1.csv,norm,scenario_15,norm_scenario_15,0,test
norm_15_10.csv,norm,scenario_15,norm_scenario_15,0,test
norm_15_11.csv,norm,scenario_15,norm_scenario_15,0,test
norm_15_12.csv,norm,scenario_15,norm_scenario_15,0,test
norm_15_13.csv,norm,scenario_15,norm_scenario_15,0,test
norm_15_14.csv,norm,scenario_15,norm_scenario_15,0,test
norm_15_15.csv,norm,scenario_15,norm_scenario_15,0,test
norm_15_16.csv,norm,scenario_15,norm_scenario_15,0,test
norm_15_17.csv,norm,scenario_15,norm_scenario_15,0,test
norm_15_18.csv,norm,scenario_15,norm_scenario_15,0,test
norm_15_19.csv,norm,scenario_15,norm_scenario_15,0,test
norm_15_2.csv,norm,scenario_15,norm_scenario_15,0,test
norm_15_20.csv,norm,scenario_15,norm_scenario_15,0,test
norm_15_21.csv,norm,scenario_15,norm_scenario_15,0,test
norm_15_22.csv,norm,scenario_15,norm_scenario_15,0,test
norm_15_23.csv,norm,scenario_15,norm_scenario_15,0,test
norm_15_24.csv,norm,scenario_15,norm_scenario_15,0,test
norm_15_25.csv,norm,scenario_15,norm_scenario_15,0,test
norm_15_26.csv,norm,scenario_15,norm_scenario_15,0,test
norm_15_27.csv,norm,scenario_15,norm_scenario_15,0,test
norm_15_28.csv,norm,scenario_15,norm_scenario_15,0,test
norm_15_29.csv,norm,scenario_15,norm_scenario_15,0,test
norm_15_3.csv,norm,scenario_15,norm_scenario_15,0,test
norm_15_30.csv,norm,scenario_15,norm_scenario_15,0,test
norm_15_4.csv,norm,scenario_15,norm_scenario_15,0,test
norm_15_5.csv,norm,scenario_15,norm_scenario_15,0,test
norm_15_6.csv,norm,scenario_15,norm_scenario_15,0,test
norm_15_7.csv,norm,scenario_15,norm_scenario_15,0,test
norm_15_8.csv,norm,scenario_15,norm_scenario_15,0,test
norm_15_9.csv,norm,scenario_15,norm_scenario_15,0,test
norm_16_1.csv,norm,scenario_16,norm_scenario_16,0,val
norm_16_10.csv,norm,scenario_16,norm_scenario_16,0,val
norm_16_11.csv,norm,scenario_16,norm_scenario_16,0,val
norm_16_12.csv,norm,scenario_16,norm_scenario_16,0,val
norm_16_13.csv,norm,scenario_16,norm_scenario_16,0,val
norm_16_14.csv,norm,scenario_16,norm_scenario_16,0,val
norm_16_15.csv,norm,scenario_16,norm_scenario_16,0,val
norm_16_16.csv,norm,scenario_16,norm_scenario_16,0,val
norm_16_17.csv,norm,scenario_16,norm_scenario_16,0,val
norm_16_18.csv,norm,scenario_16,norm_scenario_16,0,val
norm_16_19.csv,norm,scenario_16,norm_scenario_16,0,val
norm_16_2.csv,norm,scenario_16,norm_scenario_16,0,val
norm_16_20.csv,norm,scenario_16,norm_scenario_16,0,val
norm_16_21.csv,norm,scenario_16,norm_scenario_16,0,val
norm_16_22.csv,norm,scenario_16,norm_scenario_16,0,val
norm_16_23.csv,norm,scenario_16,norm_scenario_16,0,val
norm_16_24.csv,norm,scenario_16,norm_scenario_16,0,val
norm_16_25.csv,norm,scenario_16,norm_scenario_16,0,val
norm_16_26.csv,norm,scenario_16,norm_scenario_16,0,val
norm_16_27.csv,norm,scenario_16,norm_scenario_16,0,val
norm_16_28.csv,norm,scenario_16,norm_scenario_16,0,val
norm_16_29.csv,norm,scenario_16,norm_scenario_16,0,val
norm_16_3.csv,norm,scenario_16,norm_scenario_16,0,val
norm_16_30.csv,norm,scenario_16,norm_scenario_16,0,val
norm_16_31.csv,norm,scenario_16,norm_scenario_16,0,val
norm_16_32.csv,norm,scenario_16,norm_scenario_16,0,val
norm_16_33.csv,norm,scenario_16,norm_scenario_16,0,val
norm_16_34.csv,norm,scenario_16,norm_scenario_16,0,val
norm_16_35.csv,norm,scenario_16,norm_scenario_16,0,val
norm_16_36.csv,norm,scenario_16,norm_scenario_16,0,val
norm_16_37.csv,norm,scenario_16,norm_scenario_16,0,val
norm_16_38.csv,norm,scenario_16,norm_scenario_16,0,val
norm_16_39.csv,norm,scenario_16,norm_scenario_16,0,val
norm_16_4.csv,norm,scenario_16,norm_scenario_16,0,val
norm_16_40.csv,norm,scenario_16,norm_scenario_16,0,val
norm_16_41.csv,norm,scenario_16,norm_scenario_16,0,val
norm_16_42.csv,norm,scenario_16,norm_scenario_16,0,val
norm_16_43.csv,norm,scenario_16,norm_scenario_16,0,val
norm_16_44.csv,norm,scenario_16,norm_scenario_16,0,val
norm_16_45.csv,norm,scenario_16,norm_scenario_16,0,val
norm_16_46.csv,norm,scenario_16,norm_scenario_16,0,val
norm_16_47.csv,norm,scenario_16,norm_scenario_16,0,val
norm_16_48.csv,norm,scenario_16,norm_scenario_16,0,val
norm_16_49.csv,norm,scenario_16,norm_scenario_16,0,val
norm_16_5.csv,norm,scenario_16,norm_scenario_16,0,val
norm_16_50.csv,norm,scenario_16,norm_scenario_16,0,val
norm_16_6.csv,norm,scenario_16,norm_scenario_16,0,val
norm_16_7.csv,norm,scenario_16,norm_scenario_16,0,val
norm_16_8.csv,norm,scenario_16,norm_scenario_16,0,val
norm_16_9.csv,norm,scenario_16,norm_scenario_16,0,val
norm_2_1.csv,norm,scenario_2,norm_scenario_2,0,val
norm_2_10.csv,norm,scenario_2,norm_scenario_2,0,val
norm_2_11.csv,norm,scenario_2,norm_scenario_2,0,val
norm_2_12.csv,norm,scenario_2,norm_scenario_2,0,val
norm_2_13.csv,norm,scenario_2,norm_scenario_2,0,val
norm_2_14.csv,norm,scenario_2,norm_scenario_2,0,val
norm_2_15.csv,norm,scenario_2,norm_scenario_2,0,val
norm_2_16.csv,norm,scenario_2,norm_scenario_2,0,val
norm_2_17.csv,norm,scenario_2,norm_scenario_2,0,val
norm_2_18.csv,norm,scenario_2,norm_scenario_2,0,val
norm_2_19.csv,norm,scenario_2,norm_scenario_2,0,val
norm_2_2.csv,norm,scenario_2,norm_scenario_2,0,val
norm_2_20.csv,norm,scenario_2,norm_scenario_2,0,val
norm_2_21.csv,norm,scenario_2,norm_scenario_2,0,val
norm_2_22.csv,norm,scenario_2,norm_scenario_2,0,val
norm_2_23.csv,norm,scenario_2,norm_scenario_2,0,val
norm_2_24.csv,norm,scenario_2,norm_scenario_2,0,val
norm_2_25.csv,norm,scenario_2,norm_scenario_2,0,val
norm_2_26.csv,norm,scenario_2,norm_scenario_2,0,val
norm_2_27.csv,norm,scenario_2,norm_scenario_2,0,val
norm_2_28.csv,norm,scenario_2,norm_scenario_2,0,val
norm_2_29.csv,norm,scenario_2,norm_scenario_2,0,val
norm_2_3.csv,norm,scenario_2,norm_scenario_2,0,val
norm_2_30.csv,norm,scenario_2,norm_scenario_2,0,val
norm_2_31.csv,norm,scenario_2,norm_scenario_2,0,val
norm_2_32.csv,norm,scenario_2,norm_scenario_2,0,val
norm_2_33.csv,norm,scenario_2,norm_scenario_2,0,val
norm_2_34.csv,norm,scenario_2,norm_scenario_2,0,val
norm_2_35.csv,norm,scenario_2,norm_scenario_2,0,val
norm_2_36.csv,norm,scenario_2,norm_scenario_2,0,val
norm_2_37.csv,norm,scenario_2,norm_scenario_2,0,val
norm_2_38.csv,norm,scenario_2,norm_scenario_2,0,val
norm_2_39.csv,norm,scenario_2,norm_scenario_2,0,val
norm_2_4.csv,norm,scenario_2,norm_scenario_2,0,val
norm_2_40.csv,norm,scenario_2,norm_scenario_2,0,val
norm_2_41.csv,norm,scenario_2,norm_scenario_2,0,val
norm_2_42.csv,norm,scenario_2,norm_scenario_2,0,val
norm_2_43.csv,norm,scenario_2,norm_scenario_2,0,val
norm_2_44.csv,norm,scenario_2,norm_scenario_2,0,val
norm_2_45.csv,norm,scenario_2,norm_scenario_2,0,val
norm_2_5.csv,norm,scenario_2,norm_scenario_2,0,val
norm_2_6.csv,norm,scenario_2,norm_scenario_2,0,val
norm_2_7.csv,norm,scenario_2,norm_scenario_2,0,val
norm_2_8.csv,norm,scenario_2,norm_scenario_2,0,val
norm_2_9.csv,norm,scenario_2,norm_scenario_2,0,val
norm_3_1.csv,norm,scenario_3,norm_scenario_3,0,train
norm_3_10.csv,norm,scenario_3,norm_scenario_3,0,train
norm_3_11.csv,norm,scenario_3,norm_scenario_3,0,train
norm_3_12.csv,norm,scenario_3,norm_scenario_3,0,train
norm_3_13.csv,norm,scenario_3,norm_scenario_3,0,train
norm_3_14.csv,norm,scenario_3,norm_scenario_3,0,train
norm_3_15.csv,norm,scenario_3,norm_scenario_3,0,train
norm_3_16.csv,norm,scenario_3,norm_scenario_3,0,train
norm_3_17.csv,norm,scenario_3,norm_scenario_3,0,train
norm_3_18.csv,norm,scenario_3,norm_scenario_3,0,train
norm_3_19.csv,norm,scenario_3,norm_scenario_3,0,train
norm_3_2.csv,norm,scenario_3,norm_scenario_3,0,train
norm_3_20.csv,norm,scenario_3,norm_scenario_3,0,train
norm_3_21.csv,norm,scenario_3,norm_scenario_3,0,train
norm_3_22.csv,norm,scenario_3,norm_scenario_3,0,train
norm_3_23.csv,norm,scenario_3,norm_scenario_3,0,train
norm_3_24.csv,norm,scenario_3,norm_scenario_3,0,train
norm_3_25.csv,norm,scenario_3,norm_scenario_3,0,train
norm_3_26.csv,norm,scenario_3,norm_scenario_3,0,train
norm_3_27.csv,norm,scenario_3,norm_scenario_3,0,train
norm_3_28.csv,norm,scenario_3,norm_scenario_3,0,train
norm_3_29.csv,norm,scenario_3,norm_scenario_3,0,train
norm_3_3.csv,norm,scenario_3,norm_scenario_3,0,train
norm_3_30.csv,norm,scenario_3,norm_scenario_3,0,train
norm_3_31.csv,norm,scenario_3,norm_scenario_3,0,train
norm_3_32.csv,norm,scenario_3,norm_scenario_3,0,train
norm_3_33.csv,norm,scenario_3,norm_scenario_3,0,train
norm_3_34.csv,norm,scenario_3,norm_scenario_3,0,train
norm_3_35.csv,norm,scenario_3,norm_scenario_3,0,train
norm_3_36.csv,norm,scenario_3,norm_scenario_3,0,train
norm_3_37.csv,norm,scenario_3,norm_scenario_3,0,train
norm_3_38.csv,norm,scenario_3,norm_scenario_3,0,train
norm_3_39.csv,norm,scenario_3,norm_scenario_3,0,train
norm_3_4.csv,norm,scenario_3,norm_scenario_3,0,train
norm_3_40.csv,norm,scenario_3,norm_scenario_3,0,train
norm_3_41.csv,norm,scenario_3,norm_scenario_3,0,train
norm_3_42.csv,norm,scenario_3,norm_scenario_3,0,train
norm_3_43.csv,norm,scenario_3,norm_scenario_3,0,train
norm_3_44.csv,norm,scenario_3,norm_scenario_3,0,train
norm_3_45.csv,norm,scenario_3,norm_scenario_3,0,train
norm_3_5.csv,norm,scenario_3,norm_scenario_3,0,train
norm_3_6.csv,norm,scenario_3,norm_scenario_3,0,train
norm_3_7.csv,norm,scenario_3,norm_scenario_3,0,train
norm_3_8.csv,norm,scenario_3,norm_scenario_3,0,train
norm_3_9.csv,norm,scenario_3,norm_scenario_3,0,train
norm_4_1.csv,norm,scenario_4,norm_scenario_4,0,test
norm_4_10.csv,norm,scenario_4,norm_scenario_4,0,test
norm_4_11.csv,norm,scenario_4,norm_scenario_4,0,test
norm_4_12.csv,norm,scenario_4,norm_scenario_4,0,test
norm_4_13.csv,norm,scenario_4,norm_scenario_4,0,test
norm_4_14.csv,norm,scenario_4,norm_scenario_4,0,test
norm_4_15.csv,norm,scenario_4,norm_scenario_4,0,test
norm_4_16.csv,norm,scenario_4,norm_scenario_4,0,test
norm_4_17.csv,norm,scenario_4,norm_scenario_4,0,test
norm_4_18.csv,norm,scenario_4,norm_scenario_4,0,test
norm_4_19.csv,norm,scenario_4,norm_scenario_4,0,test
norm_4_2.csv,norm,scenario_4,norm_scenario_4,0,test
norm_4_20.csv,norm,scenario_4,norm_scenario_4,0,test
norm_4_21.csv,norm,scenario_4,norm_scenario_4,0,test
norm_4_22.csv,norm,scenario_4,norm_scenario_4,0,test
norm_4_23.csv,norm,scenario_4,norm_scenario_4,0,test
norm_4_24.csv,norm,scenario_4,norm_scenario_4,0,test
norm_4_25.csv,norm,scenario_4,norm_scenario_4,0,test
norm_4_26.csv,norm,scenario_4,norm_scenario_4,0,test
norm_4_27.csv,norm,scenario_4,norm_scenario_4,0,test
norm_4_28.csv,norm,scenario_4,norm_scenario_4,0,test
norm_4_29.csv,norm,scenario_4,norm_scenario_4,0,test
norm_4_3.csv,norm,scenario_4,norm_scenario_4,0,test
norm_4_30.csv,norm,scenario_4,norm_scenario_4,0,test
norm_4_31.csv,norm,scenario_4,norm_scenario_4,0,test
norm_4_32.csv,norm,scenario_4,norm_scenario_4,0,test
norm_4_33.csv,norm,scenario_4,norm_scenario_4,0,test
norm_4_34.csv,norm,scenario_4,norm_scenario_4,0,test
norm_4_35.csv,norm,scenario_4,norm_scenario_4,0,test
norm_4_36.csv,norm,scenario_4,norm_scenario_4,0,test
norm_4_37.csv,norm,scenario_4,norm_scenario_4,0,test
norm_4_38.csv,norm,scenario_4,norm_scenario_4,0,test
norm_4_39.csv,norm,scenario_4,norm_scenario_4,0,test
norm_4_4.csv,norm,scenario_4,norm_scenario_4,0,test
norm_4_40.csv,norm,scenario_4,norm_scenario_4,0,test
norm_4_41.csv,norm,scenario_4,norm_scenario_4,0,test
norm_4_42.csv,norm,scenario_4,norm_scenario_4,0,test
norm_4_43.csv,norm,scenario_4,norm_scenario_4,0,test
norm_4_44.csv,norm,scenario_4,norm_scenario_4,0,test
norm_4_45.csv,norm,scenario_4,norm_scenario_4,0,test
norm_4_5.csv,norm,scenario_4,norm_scenario_4,0,test
norm_4_6.csv,norm,scenario_4,norm_scenario_4,0,test
norm_4_7.csv,norm,scenario_4,norm_scenario_4,0,test
norm_4_8.csv,norm,scenario_4,norm_scenario_4,0,test
norm_4_9.csv,norm,scenario_4,norm_scenario_4,0,test
norm_5_1.csv,norm,scenario_5,norm_scenario_5,0,train
norm_5_10.csv,norm,scenario_5,norm_scenario_5,0,train
norm_5_11.csv,norm,scenario_5,norm_scenario_5,0,train
norm_5_12.csv,norm,scenario_5,norm_scenario_5,0,train
norm_5_13.csv,norm,scenario_5,norm_scenario_5,0,train
norm_5_14.csv,norm,scenario_5,norm_scenario_5,0,train
norm_5_15.csv,norm,scenario_5,norm_scenario_5,0,train
norm_5_16.csv,norm,scenario_5,norm_scenario_5,0,train
norm_5_17.csv,norm,scenario_5,norm_scenario_5,0,train
norm_5_18.csv,norm,scenario_5,norm_scenario_5,0,train
norm_5_19.csv,norm,scenario_5,norm_scenario_5,0,train
norm_5_2.csv,norm,scenario_5,norm_scenario_5,0,train
norm_5_20.csv,norm,scenario_5,norm_scenario_5,0,train
norm_5_21.csv,norm,scenario_5,norm_scenario_5,0,train
norm_5_22.csv,norm,scenario_5,norm_scenario_5,0,train
norm_5_23.csv,norm,scenario_5,norm_scenario_5,0,train
norm_5_24.csv,norm,scenario_5,norm_scenario_5,0,train
norm_5_25.csv,norm,scenario_5,norm_scenario_5,0,train
norm_5_26.csv,norm,scenario_5,norm_scenario_5,0,train
norm_5_27.csv,norm,scenario_5,norm_scenario_5,0,train
norm_5_28.csv,norm,scenario_5,norm_scenario_5,0,train
norm_5_29.csv,norm,scenario_5,norm_scenario_5,0,train
norm_5_3.csv,norm,scenario_5,norm_scenario_5,0,train
norm_5_30.csv,norm,scenario_5,norm_scenario_5,0,train
norm_5_31.csv,norm,scenario_5,norm_scenario_5,0,train
norm_5_32.csv,norm,scenario_5,norm_scenario_5,0,train
norm_5_33.csv,norm,scenario_5,norm_scenario_5,0,train
norm_5_34.csv,norm,scenario_5,norm_scenario_5,0,train
norm_5_35.csv,norm,scenario_5,norm_scenario_5,0,train
norm_5_36.csv,norm,scenario_5,norm_scenario_5,0,train
norm_5_37.csv,norm,scenario_5,norm_scenario_5,0,train
norm_5_38.csv,norm,scenario_5,norm_scenario_5,0,train
norm_5_39.csv,norm,scenario_5,norm_scenario_5,0,train
norm_5_4.csv,norm,scenario_5,norm_scenario_5,0,train
norm_5_40.csv,norm,scenario_5,norm_scenario_5,0,train
norm_5_41.csv,norm,scenario_5,norm_scenario_5,0,train
norm_5_42.csv,norm,scenario_5,norm_scenario_5,0,train
norm_5_43.csv,norm,scenario_5,norm_scenario_5,0,train
norm_5_44.csv,norm,scenario_5,norm_scenario_5,0,train
norm_5_45.csv,norm,scenario_5,norm_scenario_5,0,train
norm_5_5.csv,norm,scenario_5,norm_scenario_5,0,train
norm_5_6.csv,norm,scenario_5,norm_scenario_5,0,train
norm_5_7.csv,norm,scenario_5,norm_scenario_5,0,train
norm_5_8.csv,norm,scenario_5,norm_scenario_5,0,train
norm_5_9.csv,norm,scenario_5,norm_scenario_5,0,train
norm_6_1.csv,norm,scenario_6,norm_scenario_6,0,test
norm_6_10.csv,norm,scenario_6,norm_scenario_6,0,test
norm_6_11.csv,norm,scenario_6,norm_scenario_6,0,test
norm_6_12.csv,norm,scenario_6,norm_scenario_6,0,test
norm_6_13.csv,norm,scenario_6,norm_scenario_6,0,test
norm_6_14.csv,norm,scenario_6,norm_scenario_6,0,test
norm_6_15.csv,norm,scenario_6,norm_scenario_6,0,test
norm_6_16.csv,norm,scenario_6,norm_scenario_6,0,test
norm_6_17.csv,norm,scenario_6,norm_scenario_6,0,test
norm_6_18.csv,norm,scenario_6,norm_scenario_6,0,test
norm_6_19.csv,norm,scenario_6,norm_scenario_6,0,test
norm_6_2.csv,norm,scenario_6,norm_scenario_6,0,test
norm_6_20.csv,norm,scenario_6,norm_scenario_6,0,test
norm_6_21.csv,norm,scenario_6,norm_scenario_6,0,test
norm_6_22.csv,norm,scenario_6,norm_scenario_6,0,test
norm_6_23.csv,norm,scenario_6,norm_scenario_6,0,test
norm_6_24.csv,norm,scenario_6,norm_scenario_6,0,test
norm_6_3.csv,norm,scenario_6,norm_scenario_6,0,test
norm_6_4.csv,norm,scenario_6,norm_scenario_6,0,test
norm_6_5.csv,norm,scenario_6,norm_scenario_6,0,test
norm_6_6.csv,norm,scenario_6,norm_scenario_6,0,test
norm_6_7.csv,norm,scenario_6,norm_scenario_6,0,test
norm_6_8.csv,norm,scenario_6,norm_scenario_6,0,test
norm_6_9.csv,norm,scenario_6,norm_scenario_6,0,test
norm_7_1.csv,norm,scenario_7,norm_scenario_7,0,train
norm_7_10.csv,norm,scenario_7,norm_scenario_7,0,train
norm_7_11.csv,norm,scenario_7,norm_scenario_7,0,train
norm_7_12.csv,norm,scenario_7,norm_scenario_7,0,train
norm_7_13.csv,norm,scenario_7,norm_scenario_7,0,train
norm_7_14.csv,norm,scenario_7,norm_scenario_7,0,train
norm_7_15.csv,norm,scenario_7,norm_scenario_7,0,train
norm_7_16.csv,norm,scenario_7,norm_scenario_7,0,train
norm_7_17.csv,norm,scenario_7,norm_scenario_7,0,train
norm_7_18.csv,norm,scenario_7,norm_scenario_7,0,train
norm_7_19.csv,norm,scenario_7,norm_scenario_7,0,train
norm_7_2.csv,norm,scenario_7,norm_scenario_7,0,train
norm_7_20.csv,norm,scenario_7,norm_scenario_7,0,train
norm_7_21.csv,norm,scenario_7,norm_scenario_7,0,train
norm_7_22.csv,norm,scenario_7,norm_scenario_7,0,train
norm_7_23.csv,norm,scenario_7,norm_scenario_7,0,train
norm_7_24.csv,norm,scenario_7,norm_scenario_7,0,train
norm_7_25.csv,norm,scenario_7,norm_scenario_7,0,train
norm_7_26.csv,norm,scenario_7,norm_scenario_7,0,train
norm_7_27.csv,norm,scenario_7,norm_scenario_7,0,train
norm_7_28.csv,norm,scenario_7,norm_scenario_7,0,train
norm_7_29.csv,norm,scenario_7,norm_scenario_7,0,train
norm_7_3.csv,norm,scenario_7,norm_scenario_7,0,train
norm_7_30.csv,norm,scenario_7,norm_scenario_7,0,train
norm_7_4.csv,norm,scenario_7,norm_scenario_7,0,train
norm_7_5.csv,norm,scenario_7,norm_scenario_7,0,train
norm_7_6.csv,norm,scenario_7,norm_scenario_7,0,train
norm_7_7.csv,norm,scenario_7,norm_scenario_7,0,train
norm_7_8.csv,norm,scenario_7,norm_scenario_7,0,train
norm_7_9.csv,norm,scenario_7,norm_scenario_7,0,train
norm_8_1.csv,norm,scenario_8,norm_scenario_8,0,test
norm_8_10.csv,norm,scenario_8,norm_scenario_8,0,test
norm_8_11.csv,norm,scenario_8,norm_scenario_8,0,test
norm_8_12.csv,norm,scenario_8,norm_scenario_8,0,test
norm_8_13.csv,norm,scenario_8,norm_scenario_8,0,test
norm_8_14.csv,norm,scenario_8,norm_scenario_8,0,test
norm_8_15.csv,norm,scenario_8,norm_scenario_8,0,test
norm_8_16.csv,norm,scenario_8,norm_scenario_8,0,test
norm_8_17.csv,norm,scenario_8,norm_scenario_8,0,test
norm_8_18.csv,norm,scenario_8,norm_scenario_8,0,test
norm_8_19.csv,norm,scenario_8,norm_scenario_8,0,test
norm_8_2.csv,norm,scenario_8,norm_scenario_8,0,test
norm_8_20.csv,norm,scenario_8,norm_scenario_8,0,test
norm_8_21.csv,norm,scenario_8,norm_scenario_8,0,test
norm_8_22.csv,norm,scenario_8,norm_scenario_8,0,test
norm_8_23.csv,norm,scenario_8,norm_scenario_8,0,test
norm_8_24.csv,norm,scenario_8,norm_scenario_8,0,test
norm_8_25.csv,norm,scenario_8,norm_scenario_8,0,test
norm_8_26.csv,norm,scenario_8,norm_scenario_8,0,test
norm_8_27.csv,norm,scenario_8,norm_scenario_8,0,test
norm_8_28.csv,norm,scenario_8,norm_scenario_8,0,test
norm_8_29.csv,norm,scenario_8,norm_scenario_8,0,test
norm_8_3.csv,norm,scenario_8,norm_scenario_8,0,test
norm_8_30.csv,norm,scenario_8,norm_scenario_8,0,test
norm_8_4.csv,norm,scenario_8,norm_scenario_8,0,test
norm_8_5.csv,norm,scenario_8,norm_scenario_8,0,test
norm_8_6.csv,norm,scenario_8,norm_scenario_8,0,test
norm_8_7.csv,norm,scenario_8,norm_scenario_8,0,test
norm_8_8.csv,norm,scenario_8,norm_scenario_8,0,test
norm_8_9.csv,norm,scenario_8,norm_scenario_8,0,test
norm_9_1.csv,norm,scenario_9,norm_scenario_9,0,train
norm_9_10.csv,norm,scenario_9,norm_scenario_9,0,train
norm_9_11.csv,norm,scenario_9,norm_scenario_9,0,train
norm_9_12.csv,norm,scenario_9,norm_scenario_9,0,train
norm_9_13.csv,norm,scenario_9,norm_scenario_9,0,train
norm_9_14.csv,norm,scenario_9,norm_scenario_9,0,train
norm_9_15.csv,norm,scenario_9,norm_scenario_9,0,train
norm_9_16.csv,norm,scenario_9,norm_scenario_9,0,train
norm_9_17.csv,norm,scenario_9,norm_scenario_9,0,train
norm_9_18.csv,norm,scenario_9,norm_scenario_9,0,train
norm_9_19.csv,norm,scenario_9,norm_scenario_9,0,train
norm_9_2.csv,norm,scenario_9,norm_scenario_9,0,train
norm_9_20.csv,norm,scenario_9,norm_scenario_9,0,train
norm_9_21.csv,norm,scenario_9,norm_scenario_9,0,train
norm_9_22.csv,norm,scenario_9,norm_scenario_9,0,train
norm_9_23.csv,norm,scenario_9,norm_scenario_9,0,train
norm_9_24.csv,norm,scenario_9,norm_scenario_9,0,train
norm_9_25.csv,norm,scenario_9,norm_scenario_9,0,train
norm_9_26.csv,norm,scenario_9,norm_scenario_9,0,train
norm_9_27.csv,norm,scenario_9,norm_scenario_9,0,train
norm_9_28.csv,norm,scenario_9,norm_scenario_9,0,train
norm_9_29.csv,norm,scenario_9,norm_scenario_9,0,train
norm_9_3.csv,norm,scenario_9,norm_scenario_9,0,train
norm_9_30.csv,norm,scenario_9,norm_scenario_9,0,train
norm_9_4.csv,norm,scenario_9,norm_scenario_9,0,train
norm_9_5.csv,norm,scenario_9,norm_scenario_9,0,train
norm_9_6.csv,norm,scenario_9,norm_scenario_9,0,train
norm_9_7.csv,norm,scenario_9,norm_scenario_9,0,train
norm_9_8.csv,norm,scenario_9,norm_scenario_9,0,train
norm_9_9.csv,norm,scenario_9,norm_scenario_9,0,train
